,author,authorChannelUrl,text,likeCount,publishedAt,offensive/non offensive
0,Madjid Bousbaa,http://www.youtube.com/channel/UCAsxQ2W2D-G-Jn-zjli-dzw,قالك قط جيعان طاح في شحمة فايحة ونتي هي الشحمة لفايحة ما القط طالب ياكل برك والحديث قياس تافهة,1,2020-10-21T13:13:17Z,p
1,Bachir,http://www.youtube.com/channel/UClFpjc4j66WyxuSbWOXI72A,شوف داك لون ديك الهدر تفو عليها كمار,1,2020-10-21T12:03:58Z,p
2,FATEH DZ,http://www.youtube.com/channel/UCr9lAlK4HkvDaujnBWEp9NQ,حسب ما سمعت هذا الفيديو فانها قالت الحقيقة التي لم تعجب البعض لكن للعلم هذه قضية للالهاء مصنوعة في مخابرات عبلة فيقو يا بشر انا اساندها فيما قالت لانه شعب رخيس شمايت حشا البعض,0,2020-10-21T11:37:06Z,p
3,Minou Amine,http://www.youtube.com/channel/UCK8lMfKE_30yy8u3pP_JATg,مزال مفهمتي علاه لازم تغطي قطعة اللحم وهذا لي تتزوجي بيه حيوان تان معلابالكش كيفاه يخزر كان عليها ان تقرا على نظرة الرجل بالنسبة للمراة التي لا تستر نفسها في الشارع وتتمايل تتملق في كلام تلبس الكعب العالي انا شخصيا ندعيلهم بالهداية لانهم دايرين فتن فسدو رجال على نساهم يخرج برا يشوفو الشعر المسرح والمصبوغ اللباس المكسوف بانواعه يدخلو للدار يلقاو منهم بجبة مطاشية بجافيل شعر مكشرد لان ولادها مخلاولهاش وقت نهار كامل تجري متلحقش وهنا تكون الصدمة حتى لو لبست مرة على مرة متقدرش تكون بنفس مستوى هذيك الموخدة لي برى لذلك ننصح شاباتنا بالحجاب والعفة وشبابنا بغض البصر والعفة,0,2020-10-21T10:11:05Z,p
4,Ranya Hami,http://www.youtube.com/channel/UCPcu9aSR_GDmfFxrSACQPrA,قولي حسبتك راكي تهدري بترامك تفو روحي شوفي روحك منبعد هدري على الزعامة ولاد الجزاير يا وحد البايرة,0,2020-10-21T09:33:13Z,p
5,Ours Polaire,http://www.youtube.com/channel/UCNxbOuxTEUp7eADLo7ajPpQ,واش راه يقول جعفر ياينه صاحبها الجزايري خطب ولا تزوج راهي مقهوره وخلطت كامل سيادك الجزايريين يا الجايحه تفو عليك تعيفي,0,2020-10-21T06:41:22Z,p
6,mascara 29,http://www.youtube.com/channel/UCqoUDoX_sy54Ebc19wv2o_g,خرية ضاربة فيها الشمس,0,2020-10-21T03:47:32Z,p
7,bèutŷ gïrl,http://www.youtube.com/channel/UCJhhADG8dH00-jh1o_HKSzA,مونية ربي يشافيك ان شاء الله روحي اجري على روحك وزيد دايرة صليب في عنقك نتيا جزايرية نتيا وتهدري على متحجبات شوفي روحك فلمرايا ومبعد حلي فمك على متحجبات حمد الله يا ربي زعما نتيا تصلي شكيت قبلة متعرفيهاش منين جاية وجاية تهدري على رجال لي منهم باباك وخوك وراجلك ايلا لقيتي لي يدي وحدة كيفك وبالاك رايح يكون وليدك ربي يهديك راكي كبيرة طفلة صغيرة تحشم على قدرها ماشي كي حالتك تشفي والله لابوبال,4,2020-10-21T02:39:15Z,p
8,Draifi Djamel,http://www.youtube.com/channel/UCmxiaWEBYGF8J5eMjc7LD0Q,يا ناس خممو شويا راكم اطيحو في المستوى كي راكم اترجع لها انا واحد من الناس اقسم با ربي السماوات مانعرفهاش اصلا هاذي خطة تاع الدولة باه التي الشعب راهم داروها ديجا مع نعيمة صوالحي او دوك جاو الهاذي هاذو فوران التاجرب كل مايحبو اتلفو الشعب اجيبو حمار اضحو بيه كي افوتو الانتخابات تطلب السماح او هوما يلحقو للهدف التاعهم او تعاود تسرق الشمس كي لبارح كيليوم نتاسف علي زينها مسكينة معبدلبلهاش وجها ماعندوش فرق كبير بينها او بين الحمار حشا الملايكة التاعها على خاطر لوكان مكاش حلابين الزك في بلادنا او عباد النساء والله ماتلحق تهدر هاذ الكلام للاسف الشديد والسلام,0,2020-10-21T01:21:16Z,p
9,Oum Ninou,http://www.youtube.com/channel/UCrkwwevlVnP-gYOoja1nmeg,فلحقيقة ضحكتيني كي قلتي كنت انا اميرة الغاشي كامل يخزر فينا بلاك خلعتيهوم لخطرش شافو حيوان جديد يدور فدزاير لخطرش الفاشة انتاعك بلماكياج او تخلع خلي بلا ماكياج نقولك تحبلك باش تسبي السبوعة انتع بلادك سيادك الي نتي تعرفي الرجلة النيف انتاعهوم يا وحد الجيعانة روحي ربي روحك امبعد ارواحي انبحي او ريقي علينا,0,2020-10-20T22:11:31Z,p
10,djamblouze morad,http://www.youtube.com/channel/UCaaEU6j3iNnXKvFvW2UUVIA,بلع يا عيشة راجل,0,2020-10-20T22:07:01Z,p
11,Mohamed Az,http://www.youtube.com/channel/UCTjXLywRx2Xn7LzClcm6NPA,الانترنيت رجعت العالم قرية صغيرة ورجعت مونيا خرية كبيرة الله غالب نضحكو علي وجهك يا جغانة بصح يضهرلي رنا نسنا فيديو فيه اوو مايڨود يايما,0,2020-10-20T22:04:01Z,p
12,انوثة طاغية,http://www.youtube.com/channel/UCurEdpcwjoKryqa8klgwu4Q,يخي حالة تفو عليك زعما انتي فنانة انتي فنانة تفو عليك,1,2020-10-20T21:26:11Z,p
13,ثقف نفسك,http://www.youtube.com/channel/UCZTmsOr6E7-1d9eHSyJP97A,جمهورية بغلة يونايتد جزاير رجلة,0,2020-10-20T21:10:18Z,p
14,Roza Roza,http://www.youtube.com/channel/UCfhvqFl-jq6COf4GVrxVuDw,البايرة,0,2020-10-20T20:44:13Z,p
15,fifi yanis,http://www.youtube.com/channel/UCa5exTcLuaiHcynBxtKsaKQ,عندها الصح والله بردتلي على قلبي كاين رجال اغلبيتهم كي الكلاب كل مايشوفو مراة يريقو عليها بالرغم عندهم فحلات في دار تفو عليهم,0,2020-10-20T20:44:02Z,p
16,Adel Adel,http://www.youtube.com/channel/UCjP6nfqa_7Nz_2ZV-xWj32Q,وانت خامجة كيفها طريقتها في الكلام تدل على انها بنت شوارع,1,2020-10-22T22:43:19Z,p
17,3mirovich Amiro,http://www.youtube.com/channel/UCGPoC0A_1J5Fhdl6jKI2i9A,شكون هذي خرية لي خرجت جديدة زعما زعما في دارهم دور بسليب وخوها فرحان بيها,0,2020-10-20T19:43:49Z,p
18,Hayat Hallouche,http://www.youtube.com/channel/UCI6QjjztfNDYof9R_a-tqhg,106,0,2020-10-20T19:00:08Z,p
19,تكنو لوجيا,http://www.youtube.com/channel/UCyxQcz7DP3HgHeZJIbWxzdg,صح مونيا فغول معندهاش حق باش تقول على لانسان حيوان بصح انا تبانلي صح في واش راهي تقول لوكان مشافتش العوج مكانتش تهدر هكذاك رانا عايشين كمل في بلاد وحدة علابلنا واش راه صاري منغطوش الشمس بالغربال,0,2020-10-20T17:38:06Z,p
20,celia sisi,http://www.youtube.com/channel/UCFBOdtV4ppMHLvXYX5qF3tg,انا راني معاها كاين فية من لي جان والله غير يلقاو كلبة يدنقو ليها يتبلاوها ربي يهدينا,0,2020-10-20T17:13:41Z,p
21,الهاك tv,http://www.youtube.com/channel/UCeIH_qgDwD-5JG6pYSVL8Lw,الدخيره غاليه والهدف رخيس,0,2020-10-20T14:30:16Z,p
22,Wael 31 Wael,http://www.youtube.com/channel/UCBjRftVXmjkQndwlhL55JSQ,انا لن ارد عليها لانني اعرف اني لن استفيد شيء ولكن التجاهل يرجع اي انسان او حيوان مثلها حشاكم الى حجمه مونيا انتي لما قلتي حيوانات هل ابوكي وامكي من ضمنهم كان عليك القول بعض الرجال المغتصبين وليس الجزايريين لاننا لسنا حيوانات,1,2020-10-20T14:16:14Z,p
23,nour baghdadi,http://www.youtube.com/channel/UCIb95gUWAb4IbA10tDKCWPA,الله غالب عليك مونيا مكانش الي قابرك ولا داها فيك مسويتيش الله غالب معليش رقي بالاك يجيبلك ربي بالاك على ربي ولا نقولك روحي عند ولاد خيرة يقطعولك بسبع حبات قمع في ودنك بالاك يجيبلك ربي بايرة معليش,0,2020-10-20T13:58:30Z,p
24,توم و جيري اشترك,http://www.youtube.com/channel/UCGpPsf8QsjF9Uv9b52XdY_g,عطايا,0,2020-10-20T13:18:36Z,p
25,TAJ ff,http://www.youtube.com/channel/UCYXLem4u8jNDcnN_mUL2MTQ,ختك,0,2020-10-20T13:12:09Z,p
26,Manel Manel,http://www.youtube.com/channel/UC8xipZaCfixqGxOVGNdif-Q,عندها الحق مطلقتو لا متحجبة لا عريانة,0,2020-10-20T13:04:12Z,p
27,سارة سارة,http://www.youtube.com/channel/UCvCnV9ZpmJk8g8xIvkixxuQ,نا نهدر لحق هذي لبنادم انا اصلن منحبهاش من عند ربي مي في حوايج عندها الحق ونتوم للاسف شعب متحبوش الكق انا راني نشوف برا يشوفو طفلة فايتة يسكانيوها ملفوق لتحت حتى لمشية تتلفلك مالغري مستورة ولابسة حاجة طويلة وعريضة انا نلبس هكذ اتوجور بلمستور وراصي منهزوش مي هكاك وديفوا نتعرض لهذي ظاهرة تكحال وتدناڨ بزاف تقول شافو منعرف وشنهي يخي رانا عباد كيما نتوما لحم ودم هذا مكان يشوفو وحدة عريضة برا تكون مستورة ولابسة طويل ولعريض مي علاجال كي عادت عريضة ميطلقوهاش بعينيهم ياكلوها ومبعد تلعبوها معلابالكمش بلبنات وبنات لجزاير فيهم وفيهم و كن راه كل وا حد حاكم دينو وصلاتو وكل وحدة متبعة دينها ومستورة كن رانا في هناء اسفة على هذا لكلام مي هذا هو واقعنا مخلوعين بزاف حتى تحشمي تمشي مع خوك ولا باباك مهم واحد مايجي يشرك فمو معايا راني نهدر على فية معينة ولبنات لي معريين ولابسين لبسة مونيا نقلكم تستاهلو خاطر نتوما لي حابينها لرواحكم,0,2020-10-20T12:27:27Z,p
28,Africain du Nord,http://www.youtube.com/channel/UC-UyKTLKXavHD2ExVZX9v1w,شوفي الفيديو مليح وجربي تفهمي الكلمات وفي الاخير تلقاي روحك بلي الشعب هو الصحيح ونتي رفادتها شكامة حاشاك ماكانتش تقصد فية لوكان جات تقصد فية توضح ارواحي نتي ودخليهالي في راصي تقولك كبير صغير مشايخ ومبعد تقول حنا يعني قاع حنا على شكون قالتها قالتها على الشعب الجزايري ياك هي منهم ملخر هاذي ما تعرفش تهدر وسلام عليكم,1,2020-10-20T17:56:30Z,p
29,Hadil Hadil,http://www.youtube.com/channel/UCPt9QYaAMFv2cTvzKxw1TvQ,باختصار ياخي حمارة,0,2020-10-20T12:15:34Z,p
30,kim yuna,http://www.youtube.com/channel/UCJyslFf8NcrKNJvQ7NQ0Jvg,كيديرا على حالتها لزينة تروح تربي روحها في تجي تهدر على جزاير هدي اصلا منعرفهاش حاسبة روحها مشهورة عورة بصح هدو الشباب الله غالب لا مشي مربيين الله غالب مكان كندلهوم بصح المربي لد الفملية مسلم الحقيقي ميدريش هكا,0,2020-10-20T11:26:52Z,p
31,Mohamed Djaafar,http://www.youtube.com/channel/UCno6VGEC7CTTF6ANDS_fQag,كيما قلتي ربي يهدي كل الامة الاسلامية بصح هي لازم تحشم,0,2020-10-29T11:27:05Z,p
32,جنتي اولادي,http://www.youtube.com/channel/UCSVJ0uLxXosycXHBVIeJzsg,راهي توري في روحها فقط ملقاتش حتى كلب يشوف فيها او غايضها الحال,0,2020-10-25T11:21:17Z,p
33,Minoucha Nina,http://www.youtube.com/channel/UCREj9KaW5UZF1ENW0F9NuJA,حنا دزايريين خط احمر والله هاذي تدخل عندنا نعاملوها كي كلب,0,2020-10-20T10:33:39Z,p
34,أسيل مينوشة,http://www.youtube.com/channel/UCVyzQoUhxkvW9-CduuJ-5Fg,علابالك نحصاب وجه وخدوخر مصنوع بالمكياج ديري فيوجهك 2كيلو تع مكياج وقولي يرڨو علي وديجا علاه يريڨو مهبولين اومپلوس رجال ماشي ڨاع كاين يخزرو ماشي درجة تاع يرڨو الله يهديك,1,2020-10-20T10:10:09Z,p
35,شيرو غولام,http://www.youtube.com/channel/UCHHe7QTCMxxOOsctgK0Gg4Q,خامجة نقمتها خرج عليها قاعدة زي فغولة,0,2020-10-20T09:44:51Z,p
36,Zineb Zu,http://www.youtube.com/channel/UCReYmPxNM-Yzv68xlzlFbbQ,اكبر خامجة ومعفونة في الجزاير,0,2020-10-20T09:39:25Z,p
37,Amani Mina,http://www.youtube.com/channel/UCVGfsG0eXr7P4aTDe5Hv7RQ,كلام في الصميم صح واش قالت حرف حرف هي هدرت على فية معينة رجال باين حيروني نساء لي يسبوها صافا حق ربي تعيفو من لخر في طريق جلبابية يتحرشو بيها ماشي زعما جلباب الوان ولا جلباب كحل بلا ماكياج والو طفلة ملتزمة حتى للطرف تقرا معايا جاو يتبلاوها انا نخلعت لي يجي يقولها مخصكش اخينة زين دين خصك غير نيميرو مشكل طفلة عادية جدا ماشي لي تفتن ولا شابة شعب ما يسواش غزات مونية النساء مرة جاية هي لي لازم تقصفكم وليتو يعجبكم تحرش وقيل جابلي ربي نتوما تان وليتو شاتيين خماج كي غاضكم الحال وليتو تحبو يتبلاوكم ماشي شرط تحبيها مام تكرهيها قالت كلام تجيبلكم حقكم بصح تموتو على الذل نتوما ربي يسلطو عليكم ان شاء الله منافقين بزاف لي يقول باباك خوك لوكان نعرف بابا خويا هكدا سبتهم ما تغيضنيش تان عليهم باسكو لافوت فيهم ادا بابا يتبلا بنات رجال خواتات رجال يستاهل عادي هي قاست فية معينة من رجال عندها الحق بزاف كل واحد ادا قبل خماج على ختو يقبلو على بنات ناس ادا قبل ختو يدناولها تم معليش يدنا لبنات ناس تعيفو ربي حرم على راجل المراة فيزوج مقالش الزانية برك قالك الزانية الزاني مي نتوما كيشغل راجل ربي ما يحاسبوش لالا ربي يحاسب بالمراة بالراجل,0,2020-10-20T09:15:57Z,p
38,Nabila Benjeddou,http://www.youtube.com/channel/UCmW9PIVBfdmzbp1XAL5vv7g,كنت نحبك يا مونيا بصح دك وليت نكرهك بعد هاذا فديو واش بيك مخلوعة في روحك نتي بشر كيما كامل الناس,0,2020-10-20T08:41:44Z,p
39,Khaled Redha,http://www.youtube.com/channel/UCe12aPRe0qgtzG9B8zedwNg,تفو عليك بصقة خسارة فيك,0,2020-10-20T08:05:56Z,p
40,LAIFAOUI YAZID,http://www.youtube.com/channel/UC9xgjqX_dBYSBSi5avQQgrQ,ولا شافو وحده عريانه مشي محتشما مشي ماسلا ماعندهاش علامن تحشم كما نني معندكش علامن تحشمي كان عندك ماليك مكي دايرا هاد التبهدايل,0,2020-10-20T03:21:51Z,p
41,Saga Sag,http://www.youtube.com/channel/UCTMHCT3Chgm8DpiZy3_wHWg,هذه المراة تتكلم بي عفويه وياللاسف الشديد تتكلم علي الحقيقه المره التي نعيشها يوميا واقول هي لا تقصد بها للرجال الذين يمتزون بي فحولتهم وشجاعتهم تتكلم عن شريحه توجد في المجتمع الجزايري للاسف الشديد واردت ان تممر رساله علي جال التعلبقات الجارحه التي كانت فيحق المغدوره المرحومه شيماء رحمها الله وللاسف الشديد مجتمعنا متخلف واتحد كل من يقول العكس احنا في بلادنا كي يهدر واحد الحق نتهجمو اعليه هي تكلمت بطريقه مباشره وكلامها مفهوم يعني هذا واش رنا نعيشو كل يوم ولكن هي شريحه في المجتمع ولي راه احس روحو رهي تهدر اعليه اروح ادوي ولكن ليس كل الرجال علي بعضها وشكرا والصلاة والسلام علي رسول الله استغفر الله لي ولي اخواني المسلمين,0,2020-10-20T01:55:01Z,p
42,اندي دروير خواطرية,http://www.youtube.com/channel/UC72G5RTa_BAkw2xx8h_Xs2Q,روحي روحي علبالك درك كلش يفوت يبقا غير العيب فيك يا البايرة يالخامجة,0,2020-10-20T00:43:38Z,p
43,{ *youni* },http://www.youtube.com/channel/UCRi-Hj95VtrfdD-J9dW5aoA,لكل ساقطة لاقطة الذبان يدور على الفوحة والجيفة والنحل يدور على الورد وافهم يالفاهم,0,2020-10-20T00:33:42Z,p
44,chechanya 3beid,http://www.youtube.com/channel/UCSk8oIwBkMl4BralkmcuvBQ,محتوى تافه كما الدي يتحدت فيه,0,2020-10-19T23:43:10Z,p
45,Hammoudi amel,http://www.youtube.com/channel/UCPv08dZWCyGdGJ1HdM6GD5w,ياخي عريانة روحي نحي هداك المكياج ورواحى قابلينا الا قدرتي والله متقدري تخرجي من داركم بلا مكياج وتجي تهدري في سيادك,0,2020-10-19T23:02:11Z,p
46,Chahd Fanoma,http://www.youtube.com/channel/UC-b16jfbnWiQ0kkWJDPbc6w,راكي تافه يا شعر الباقيتي وثاني يا راس ااكابوية سلفيلنا شوينديرو بيه البروشة الغد,0,2020-10-19T22:53:13Z,p
47,Abdou Motta,http://www.youtube.com/channel/UCr2TFedvIe3V0qCOe22D-nw,اولا الله يهديك يهدي الامة الاسلامية ثانيا ربي كي دار الحلال الحرام ما شاورناش غريزة الرجل طبيعية كالحيوان لكن الله اكرمنا بالعقل يعني نتصرفو بيه يا ختي رانا فال 2020 لعرا ترنديف وبنات الناس بارو ولاد الناس بطلو ما حبوش يزوجو لحم ولا رخيس كاين الي ماشي تاع حرام قلبو ما يخليهش تربية والديه يقعد يشوف فالفضايح ينسى روحو يتكاكا تزيد تجيه وحدة معرية على كتافها نعرف عباد بال6اشهر باش يشوف مدامة كيفاه يكون ردة فعلو مع العلم طيح في بنات هي تتبلاك الور ناس ماشي كامل كيف كيف وهاذي من نقص اسلوب الالقاء الحوار مع الناس الكمال لله السلام عليكم,0,2020-10-19T22:26:32Z,p
48,Mohamed Zouaoui,http://www.youtube.com/channel/UCjRbnIFaO25WYHUB2NFMBtA,خامجة نيفو 0 تعري روحك وزيدي تحلي غارك ياخي فاجرة,2,2020-10-19T22:08:59Z,p
49,Yacine Chod,http://www.youtube.com/channel/UC8jw2rxK9z4toJEjz4lxkFA,وهذي شكون الله مانعرفها المهم باينة كانت تحوس على الشهرة كما كان الحال بصحان لوجه منحية الستر عريانة في راسها جيعانة,0,2020-10-19T20:52:33Z,p
50,Mohammed Karim,http://www.youtube.com/channel/UCP-Gq4OG5ZY9oIYcIm6RGdw,قد تعاف ساقطة وبايعة هوى تفو عليك جامي طحيت مي دوك نقولها كبيرة ةانناامغلباخكةبغتلةجمتىربقهنةةوظكهيبتةمبلهرغمم,0,2020-10-19T20:10:35Z,p
51,Amine Mahrouchi,http://www.youtube.com/channel/UCUdcq-4BvYUqV5iITFln96A,كنتي لبسة حويجك ولا كنتي عريانة,0,2020-10-19T20:05:26Z,p
52,riyas dz,http://www.youtube.com/channel/UChmH6-K8gVb6THjw54rTl5A,تفوه خامجة كيما هذي تحكي في عامة الناس,0,2020-10-19T19:46:01Z,p
53,Houda Zerdoudi,http://www.youtube.com/channel/UCg-QhhZ4phl1oGluJFUia5Q,انا شخصيا راني معاها فواش تقول هاذ الظاهرة يا عباد الله راهي صايرة وكاينة فية من الشباب من هذا النوع حقا حاشا البعض كاين اكيد فية من الشباب ماشاء الله وتبارك الله كاين تفوت عليه طفلة يبقى يخزر تكون مع مها معا بابا والو ميديرش الوجه يخزر يتبلا وبالكلام الزايد تاني والله حضرت في موقف بقيت حايرة كنت ماشية جازت واحدة دايرة جلباب مستورة ميبان فيها والو قال صاحبو شوف شوف هاد الجور بدات ميتامنوش وغير هادي ليمتدخلش لداري درك هذا لنوع وين نصنفوه بالله عليكم كيما دير متسلكش لكن مانيش نشجعها ولا كيراهي تسب وتشتم لكن هي هدرت بعد حادثة شيماء ربي يرحمها من فعل فعلته تلك هو امثاله,2,2020-10-19T19:42:33Z,p
54,بسومة بسومة,http://www.youtube.com/channel/UCea4L5iO3HJniuM83SrOcSQ,نقولك حاجة نحي هذيك لقوصة علا جبهتك ونحي لمكياج مسكينة هاذ شعب الجزاير هوا لطلعك يا كرفة شوفي بصح الكب يعرف غير ينبح,0,2020-10-19T19:36:46Z,p
55,frap soLo,http://www.youtube.com/channel/UCL2KA4bDh4PDE8q8wxL0bng,تفو خنز,0,2020-10-19T18:36:43Z,p
56,Farid Salah,http://www.youtube.com/channel/UCzFQN8q_WVFlRIGBoYneHOA,هدي واش زبل انتما عطيتوها قيمة اكثر من حجميها,0,2020-10-19T18:29:38Z,p
57,Youcef HBIRECH,http://www.youtube.com/channel/UCfRAmCcaXIIfu7933qOw-Hw,متلومهاش راه الخط احمر ه جايحة,0,2020-10-19T18:27:38Z,p
58,KARIM ACHOURI,http://www.youtube.com/channel/UCB3_KJ-nCB3h26yrvA33iDQ,لا ماشي كيف كيف علا خاطر جارتي قالت بلي نتي مريول ليكيب مانيش غالط كي قلت مريول وما قلتش مريولة اذا توافقني الراي هات جام,0,2020-10-19T18:10:19Z,p
59,Amalia Amir,http://www.youtube.com/channel/UCQA2W227kmPqGFWUwQjEwEQ,هدا واش تعرفو تدخلو غير تفتوا شيوخ الفتنة ربي قال تاني غض البصر ولا نتوما كي تروحو عند ربي قولو حنا رجال ما نتعيبوش يا خي كافي,1,2020-10-20T14:33:40Z,p
60,Rabie Boudjelal,http://www.youtube.com/channel/UCXh4pk4X2Y3nc1r4QOj_2mA,نتي فذاتك خماج اع اختفوه وخاوتك وباباك ولى معندكش اصل ونسب,0,2020-10-19T17:32:31Z,p
61,mouloud merah,http://www.youtube.com/channel/UCKLeIesnOCMoz7KDsWsRzEg,ربما يكون كلامها صحيح مع تحفظي على بعض الكلمات القدرة وهدا يعبر عن مستواها المعيشي المهم يا بنت الناس الله خلقلنا الجمال قال اتقوا كيف نرى الجمال ولا نعشق هنا اتحدث عن الجمال بدون مجاملات اقسم بالله انك بعيدة جدا على ان توصفي بالجمال رانا نعيشوا في السويد الحمد لله كون تجي هنا يخلعوا بيك لولاد الصغار قلبك يطيح يا واش اسمك الجمال الطبيعي ماشي ماكياج خلونا من لكلام تاع الجمال جمال الروح ياو جمال زبي لا روح لا جد ماليكم,0,2020-10-19T17:06:22Z,p
62,Zobir Amin,http://www.youtube.com/channel/UC_NBlVXJQR0aUSc5it-jO0w,عليها قعدت بايرة,0,2020-10-19T16:47:49Z,p
63,Imad Djaffel,http://www.youtube.com/channel/UCFXS2TR-Sfya--D8ShYNoKg,كون يحكمها شباب يقتلها يقلك مضلومة او غير بلع فمك كاين ناس قادرين يقتلك راك في بلاد على جال كلمة يقتلك,0,2020-10-19T16:20:32Z,p
64,Hassane Mesbah,http://www.youtube.com/channel/UCrxM634hjPr1idBFlcrS7CA,اي نوع من النساء انت وعلاش الجزايري داير هك متوحش وبهذه الصفات الي قلتي عليها بلاك هذا في داركم روحي غسلي وجهك وخزري في روحك في المرة متشبه لوالو روحي اصتري روحك قبل ما تحكي على سيادك,0,2020-10-19T16:15:32Z,p
65,Nassi Massi,http://www.youtube.com/channel/UCuwINwkDxNZjWqE0VwXUTGw,یاخی بهلول روح تعطی,0,2020-10-19T17:12:36Z,p
66,Nassi Massi,http://www.youtube.com/channel/UCuwINwkDxNZjWqE0VwXUTGw,حتی انت واحد ماسامع بیك علی الاقل انت راك سامع بیها یاخی بهلول روح تعطی,0,2020-10-19T17:14:18Z,p
67,Maroua Belkhire,http://www.youtube.com/channel/UCqbQ1DVfvUb2wGoZGBcxinQ,زدقتلهم وعندها الف حق يا نمي لي يهدر الحق يسموه ماهوش مليح تفو عليكم زدقتلكم,0,2020-10-19T15:03:11Z,p
68,BaH Halim,http://www.youtube.com/channel/UCrhjjdQzp1_J-8esrB3O0JQ,روحي استري روحك وارواحي تحكي مع الناس باين سخفتي علولاد ومقيموكش خامجة,0,2020-10-19T14:40:42Z,p
69,1 نوفمبر,http://www.youtube.com/channel/UCJsTl1Wvrbta6DOz9zPJHcg,الله يجيبلك حبة في هذاك لفم خرية,2,2020-10-19T14:38:49Z,p
70,med daoudi,http://www.youtube.com/channel/UCirisY2otSiDW5CcPp9HUUA,1 نوفمبر شتي ولله بايرة وصاي,1,2020-10-20T19:27:51Z,p
71,med daoudi,http://www.youtube.com/channel/UCirisY2otSiDW5CcPp9HUUA,جبتيلي ضحك اكدولي على خرا,1,2020-10-20T17:59:10Z,p
72,Oussama La blonc,http://www.youtube.com/channel/UC-Ul8A5aR-Za6_Pu8gBELVA,العبها بهلول تشبع كسور منعرفش وحدة تسب دزيرية تعرفيها نتي يزي,0,2020-10-19T18:57:31Z,p
73,Chouaib Selmouni,http://www.youtube.com/channel/UCD8xQ30glIZXtRQSRcWIHSQ,المتكبر كالواقف على جبل يرى الناس صغارا يرونه صغيرا نتي من هدرتك باينة بلي ناقصة عقل لخاطش جمعتي كامل الناس نسيتي بلي كاين كاين الرجال يختالفو ماشي كامل كيف كيف كي جي تهدري على اي واحد ما تجمعيش الناس كامل بصفة وحدة لخاطش كاين رجال بمعنى الكلمة اولاد فاميليا والف وحدة تتمناهم حتى النسا فيهم عليهم كاين بنت الفاميليا امراة صالحة كاين لي ما تسواش وخارجة طريق ربي خلق فرق ما تخافش الشبعان اذا جاع خاف الجيعان اذا شبع الحيوانات المفترسة تصبح شرسة جدا اذا جاعت الانسان يصبح متوحش جدا اذا شبع والفاهم يفهم نتي شبعة جديدة يا لحابسة طول اللسان يدل على صغر العقل وقذارة اللسان تدل على جهل الانسان نتي ما تشرفيش الجزاير يا وحدة الجاهلة لبلاد هذي ماتو عليها الرجال لبلاد هذي قدمت النفس النفيس قدمت خيرة ابناء الوطن باش الوطن تحرر تجي نتي بنت البارح تسبي اولاد المجاهدين اولاد الشهداء لي جابولك الاستقلال باش نتي تلقايها واجدة طايبة على لجمر تزيدي تسبي تجمعيهم كامل الله غالب واش يجيك من الزوبية غير الفوحة,0,2020-10-19T14:17:56Z,p
74,Ami Saz,http://www.youtube.com/channel/UCVOWVi7it8izu5Q_5mPWYYg,روحي الي معمر مكياج بهلول,3,2020-10-19T13:44:19Z,p
75,بيبلد فري,http://www.youtube.com/channel/UC6SMf1OjzkGSWhue5XQyjWg,شوفي يامنية ولاد الجزاير رجال وعليهم لكلام خترا خرا هدي وعرفي واش تحدري تحيا ولاد الجزاير,3,2020-10-19T13:21:50Z,p
76,maria maram,http://www.youtube.com/channel/UCPwhFasrlO3amd-u8Y97vVw,هاذو على وجهك الصحيح حاشة الي راهم يشوفو يا بنت الناس وش نكرهك يا يما نشوفك نتسكن,0,2020-10-19T13:05:23Z,p
77,Djamel eddine AB,http://www.youtube.com/channel/UCbrt9aWM9AV6f1q-AapWirg,مولات الصليعة ولات تهدر بصح عندك الحق على خاطر الذكور ال 106 لي راكي عايشة معاهم فالحصص وسايل التواصل هوما لي خلاوك تهدري هكذا,0,2020-10-19T12:50:22Z,p
78,Sara Madeni,http://www.youtube.com/channel/UC6cF-BZMqT3dk2QYwiVrp-w,عندك الصح والله بلاد زبي,0,2020-10-19T12:49:48Z,p
79,Chahrazed Ghizlane31,http://www.youtube.com/channel/UCqB8jYKj2ttewuP_vhjeBFg,عندها صح ماقالت عيب رجال ماطلقو والو لا مستورة لا عريانة يشوفو مرا كي شغل طرف لحم والحيوانات راه عندهم الرحمة كي وليتو تغتاصبو الحيوانات والعجايز والاطفال,0,2020-10-19T12:32:26Z,p
80,Laib Marwan,http://www.youtube.com/channel/UCsWHJfSBFHmwVD_5il5XNcA,نتيا خرية,0,2020-10-19T11:57:25Z,p
81,Tiziri NKdz,http://www.youtube.com/channel/UCyXtXBjlXsFu9-6fpOpASDA,هاذي الطفلة ليراكي تهدري عليها لابسة جين قصير وتري جولي وماعلاباليش والناس يشوفون فيها الغلطة ماشي فالناس لي يشوفون فيها الغلطة فيها هي لي لابسة هاداك ونتي راكي تشجيع فيهم لوكان عشينا نطبقو دين الاسلام المراة يبان فيها غير وجهها ويديها وربي كي فرض الحجاب علابالو علاش فرصة وماتخلطيش هاديك الطفلة شيماء حكايتها وحدها والناس لي راكي تهدري عليهم وحدهم نورمالمون راكي اعلامية ماتقدريش هاداك نورمالمون تهدر باللغة العربية الفصحة انا نكرهك والناس تكرهك نضالي تقصفي فرجال سوى كان فستوري ولا في سوق النساء ما يحقلكش تهدري على الناس وتشبهيهم بالكلاب مالا نتي يادرى باش نشبهوك,0,2020-10-19T11:42:55Z,p
82,Adnan Chaouchi,http://www.youtube.com/channel/UCicqwLh6MLPNutXDM6xhvEg,مكاش حيوان قدم روح ستري روحك منبعد احكي على رجال يا الخامجة,0,2020-10-19T11:17:40Z,p
83,أعشق أمي Dina Officielle,http://www.youtube.com/channel/UCcOHCWo5HcxQbmSpMLOK3HQ,ولالة علاه تعري روحها امشي قودي استري روحك واحد ميدنالك,0,2020-10-19T08:59:31Z,p
84,Aziz Hamidi,http://www.youtube.com/channel/UCOVA6rddlnsH92FYOCNqeYQ,كون ربي خلق زوج عصفير يزينو طبيعة خير من وجهك تفو,0,2020-10-19T08:48:04Z,p
85,fati touta,http://www.youtube.com/channel/UCj3zHbs7P-y6-KYrcTchOpA,حكمت على نفسها ان تبقى بايرة طول حياتها,0,2020-10-19T08:45:36Z,p
86,Nihal Samah,http://www.youtube.com/channel/UC5c_j5IdRVMzqfAyOJhbJog,يا حابس دخل فايس وشوف قاع ناس برطاجات فعايلهم متشقاش تقلبلي راسي قاع ناس شافت ليكومنتار نتاعهم من صغير حنى 50 سنةايوا عجب ولاو قاع مثليين وانت مباغيش تستعرف جاتك في جنابك,0,2020-10-24T07:58:08Z,p
87,Nanou Nanou,http://www.youtube.com/channel/UC5yLcAH1kKYcKKjc7n1rSdQ,راكم طيحين عليها بالانتقادات هي ما عرفتش تهدر الكلمات غير في محلها بصح قالت كلمة حق بصح يا مونية انا منعرفكش ما سمعت بيك بصح الغلطة مش من عند الرجال حتي النساء الجزاوريات ماش كما بكري تحشم انا بكري كنجوز على حومتي رجال تاع حوما اهبطو راسهوم والله وانا نمشي حشمانة نمشي عيني في الارض كيلعبو بنات حومة جوز احبسو اللعب هذا نسموه القدر بكري الناس تقادر بعضها البعض بصح دورك كنشوف في هذيك ماش عادي كفاه يهدرو هاذيك تكفيني الله يبقي ستر,0,2020-10-19T08:32:08Z,p
88,attar nesrine,http://www.youtube.com/channel/UCc_4kWlZyTicECxsLrLaTZA,انا نقولك سبيتي باباك معاهم نحي علامة الصليب لي راكي ديرتها تفو عليك,1,2020-10-19T07:33:00Z,p
89,Miral Kouki,http://www.youtube.com/channel/UCZcgSF5U5gwZRj3wphV6NxA,التعليقات السلبية كامل من عند الرجال قاستهم في الصميم وحكات على الهوية المفضلة الحيوانية تع بعض الرجال هذه هي الحقيقة وعلاه نكذبوا على رواحنا المشكل ماهوش في المراة لراهي تفتن حتى الاطفال واغتصبوهم المشكل راهو في العقليات والضمير كاين فية قليلة كون يحطولو مرا عريانة قودامو يروح ويخاليها للاسف الا من رحمة ربي,0,2020-10-19T02:02:15Z,p
90,Raouf Ayadi,http://www.youtube.com/channel/UCt3QG1wjocIDkWFiTsM8lGQ,علبالك انا راني نشوف فيك خرية لابسة القش,0,2020-10-19T01:25:05Z,p
91,Nessrine Nessrine,http://www.youtube.com/channel/UCmkAuFw-2g-eFr-Pf9IdFiA,روحي روحي روحي يشفو مهبول كيم نتي روحي سبيطار تع لمهبل,0,2020-10-18T23:38:57Z,p
92,cherif steinar,http://www.youtube.com/channel/UCXMX1T5eyDfhtds5K3Lzt8Q,هاذي خامجة ولا تمثل بنات الجزايري في اي قول من اقوالها هاذي تسب وتشتم في الرجال خاطر مش مربية على يد راجل نورمالمون قبل ماتهدر في الرجال وتعمم تتفكر باباها وعمامها وخوالها تتخمم على اولاد وبنات الرجال ورد فعلهم على اقوالها التي لا ينطق بها الا شخص لا يفقه للرجولة شيء هاذي عيب وعار على اي قناة تخليها تظهر على الشاشة تاعها وعيب وعار على كل شخص يتابعها سواء في القنوات التلفزيونية او مواقع التواصل الاجتماعي لانها شخصية فاشلة بكل المعايير,0,2020-10-18T23:14:24Z,p
93,Nouh Bounegab,http://www.youtube.com/channel/UC2KWwwUQpM4SPZYdK73_kbA,اصبحتي مهزلة وعار على نفسك وجعلتي كل الشعب الجزايري يكرهك ورايح تكوني مجرد اضحوكة للشعب الجزايري تفو,0,2020-10-18T23:10:52Z,p
94,Nas Ira,http://www.youtube.com/channel/UCDWyQ0n8L1MkOiIXkvQELEw,هي صراحه المراه لازم تستر روحا باه الرجال مايبقاوش يخزروا في النساء ربي سبحانو كي امر بالحجاب اي باينة علاه اي حاجه يامر بيها ربي عندها معنى ودور كبير في حياتنا اصلا لمرا هي راس الفتنه في كلش مانيش قاعده نطيح في النساء مام انا مرا مي لازم نطبقو واش امرنا ربي سبحانو الدنيا فانية وكان عليك يامونيا اولا روحي استري روحك ونحي هداك لمكياج واستري شعرك ربي امر بستر المراه سعات نحير انا انسان تلقايه واعي قراي او واصل وهو في الدين زيرو واش من فايدة هكا اصلا نتي ممثلة والتمثيل حرام دونك مابقاتش هدرة راجعي روحك اولا,0,2020-10-18T22:54:30Z,p
95,Nasser Falless,http://www.youtube.com/channel/UCk4jq1pE3PJNDbQnPvLdaSw,روحي تلعبي بعيد خامجة مسخة,0,2020-10-18T22:38:14Z,p
96,Saïd f saidnite,http://www.youtube.com/channel/UCJ6EdZCl5xWFMdrbj-tJLQw,جابلى ربي نتى لريوقك راهوم ايسيلو مشى نتحداك تخرجى بلا عشر كيلو مكياج يا خى بيدون زبل ماشى متربيا,0,2020-10-18T22:15:32Z,p
97,Jou Ry,http://www.youtube.com/channel/UC4c8cTWCd0Rz1f6O0n89EZQ,ماكيش متربية تهدري على الرجالة نتاوعنا الشعب الدزيري شهم وعندنا رجالة وحد الخامجة تفو,0,2020-10-18T22:07:09Z,p
98,tovi9 tovi9,http://www.youtube.com/channel/UCuHgK3c06SJ1VVXB6OL15rA,كلبي حسبي الله ونعما وكيل فيك خامج راس داب,0,2020-10-18T21:41:05Z,p
99,fifi focha,http://www.youtube.com/channel/UCr5BGlx91WzhOLIKMSpy4AQ,بسكري تضلو تحكلو على لبنات وتحلبو فلفايس وهنا تلعبوها ياخي منافقين ياخي فمك نت بلعه ومتكلمنيش انا ماقيمتكش,1,2020-10-23T18:29:58Z,p
100,mustapha boufady,http://www.youtube.com/channel/UCbb2EAvuzAcUSu8SO0vGaKA,روحى ابداي من جديد انتى زيرو,0,2020-10-18T21:18:51Z,p
101,abdelhakem hassan,http://www.youtube.com/channel/UCUJnuwFAiLaZPTGEwm5Sj4g,ياودي كي تحيضي تولي تفوحي قسما بالله تعري روحك ما تغريني تفو عليك,0,2020-10-18T21:01:57Z,p
102,Kamel Mca,http://www.youtube.com/channel/UCyL6hEnULhXiyWzT-LHMqrA,شكون هدي الكفية منين خرجت مقبل متخورجي من دركم شفتي روحك كفه ديرا عندك رسك وجبهتك خرجة تقل بلكون فوق عنيك برشوك تاع سيارة ريتمو تاع بكري بينا هدا الحشرات رهي خلعتها دنيا شبعة جديدة 2020 قلك الناس الزمن متخفش من البحر كي يتهول عليك خف من كافي كي يتحلب عليك ونزدلك وحدا يمخلوعة ان كي نشوفك نتقيا عليك حاش خلق الله انتي لحقتي روحك اسمعي مليح يازير يا العاصمة سومتك اشحال اعضيمة فسدوك لملهم قيمة هدي تكفيك جوا يحمارة بدون مستوى ولا تقافة راسك تحت بزف تحياتي لكل الشعب الجزايري الاصيل والحرا من لحدود الى الحدود والله يرحم الشهداء لمتو علي هدا لبلاد باش اجي وحدا منجوسة مسودة اسعد تسب الجزايرين الابطال لعنة الله عليكي يخمجة,0,2020-10-18T20:08:23Z,p
103,Anouar Salemi,http://www.youtube.com/channel/UCV_jcfpEETMMwlan4KpzBLw,تشبهي لجرانة ياوحدة فايحة,0,2020-10-18T20:06:50Z,p
104,Oum cerine,http://www.youtube.com/channel/UCc6ECsLZv59fnz8PRGfU-pA,ولو ان كل كلب عوى القمته حجرا لعز الصخر مثقالا بدينار,0,2020-10-18T19:58:26Z,p
105,Hadj Hadj,http://www.youtube.com/channel/UCk0vTd5rKBdVWs1p6w-9Fxg,كي دايرة تفو,0,2020-10-18T19:33:52Z,p
106,Mus Tafa,http://www.youtube.com/channel/UCT7ygDDHGOg5PF4Q1W-S4JA,حشا بنات فاميلا حاشا لفحلات بنات كيما نتي لحمكم رجع رخيص فل مرشي على لكورجات تحيا الشبيبة تاعنا الرجالة النيف التربية وين روحو راصنا مرفوع,0,2020-10-18T18:10:36Z,p
107,وردة الرمال,http://www.youtube.com/channel/UCO5GjLfRGmJNi-fbBHt--Xw,ماعليش يامات وتنساوها بصح مونيا قرعتيها ما تعرفيش تهدري الثقافة زيرو ما فهمتش قناة الشروق علاش خدماتك نتي واميرة الي حياتها الشخصية في اليوتيوب دييري بزاف المامياج حتى وجهك ما يبانش بالاك نتي وما تعرفيش روحك في المراية نقصي هاذاك المامياج اللبنانيات وما راهمش كيما نتي وواش دخلك في الراجل الي يخزر في النسا,0,2020-10-18T15:52:59Z,p
108,Rgjgf Dgbhjk,http://www.youtube.com/channel/UCdyillhBXFFUxi3mV27bvjw,نستعرف بها قالت الحقيقة نعم عندنا شباب حلاب,0,2020-10-18T14:56:00Z,p
109,Selsabil Zed,http://www.youtube.com/channel/UCCMPFKdH0Of6b5Gg7J9pL8g,ياك زعما نتي تعرفي دين وربي روحك مراكيش ساترتها لي يشوفك يسمي منك والله ونتي راجل في داركم ملقيتيهش باه يحكم فيك وجاية تهدري وتعمي ثاني هاديك نتي لي يشوفو فيك طرف لحم ومحاسبة روحك حاجة وممثلة وشمن تمثيل وفن هذا راه عفن وكي يشوفوك ناس هكذاك برا عريانة والله ربي غير يسمي منك يجيب بيك حسنات رجال لي تهدري عليهم كون لقيتيهم في داركم متهدريش سبحان الله وجهك وش صحيح قاتلو ريووق بسكو نتي مخلوعة من روحك وناس تالمو يشوف في دراهم غير سترة كي يشوف عيباد برا كيفك جيه بيزار يالفاهمة,0,2020-10-18T14:20:01Z,p
110,FAT IMA,http://www.youtube.com/channel/UCThSvZ_Kqg2AF4nADQxj77A,شوفي كيدايرة ڨاع مشي شابة مشي مربية,0,2020-10-18T13:03:46Z,p
111,Jeusef Dz,http://www.youtube.com/channel/UCaLOqu4x4gtSzOO9fVQfwtA,انا والله اول خطرة نسمع باسم هذ الشخصية وعلى واش قالت هي كون جات متربية تحشم متهدرش هاك ولي متربي متربي راجل ولا مرا المراة ما تفتن الراجل والراجل ما يدناش للمرا,0,2020-10-18T13:02:44Z,p
112,مريم البتول,http://www.youtube.com/channel/UCeH1ATAk-Hxt0Ui3J2qj-Sg,23 انا يا اختي ماندافع لا على الرجال لا على النساء انا نهضر الحق الجيل هذا النساء عريانة الرجال ماغاضاش بصرها مبعد يبداو العلاقات الخ مبعد تولي المشاكل يا اغتصاب قتل كيما حكاية شيماء يا امهات عازبات تولي فالشرع نقملي الطفل هو يقول ماش ولدي الخ الحل يا اختي كل واحد يرجع لدينو كل واحد يبدا بروحو يڨد روحو قبل ما ينتقد الطرف الاخر يعني انتي استري روحك واحد مايتبلاك اللي تعري روحها تحط روحها في علاقات محرمة كان تبلاوها ربي يسهل عليها اما كيما تحكي هادي مونيا هادي تاع عاجبتها الطفلة تمشي عريانة تسب فالراجل لي يشوف معاها هادي ماكانش منها,1,2020-10-20T17:25:09Z,p
113,hanni milano,http://www.youtube.com/channel/UCDYNnHYfelnUxOU-atd3hDg,ماتخافش من البحر كي يتهول خافى من كافي كي يتبدل تاريخك نعرفوه,0,2020-10-18T11:17:38Z,p
114,فارس كيمو,http://www.youtube.com/channel/UC6VmC4ZwyjVfSYqLgw7UKlQ,الحمد الله متربي كنت باغي نسبك مي نخليهلك تحرق انت فالثلاثين من عمرك ومزاا عقل جايح ومتحشمي عيب عليك كان جيت مراة ركي في دارك وتربي في ولادك قاعدة تعسي فالناس وتهدري بلا قياس مكنتش حاب نعلق مي قلقني كلامك,0,2020-10-18T10:54:49Z,p
115,Queen bee,http://www.youtube.com/channel/UCRpf-jHDe0-9jf1lTVUMprg,صح واش قالت الرجال مروها تقيمو النسا بزاف فوق الحق حتا ولاو شي نسا يحسبو فرواحتيهم حاجة فور هي غير كوجاكة عريانة داير بيها الذبان يا الذبان,0,2020-10-18T10:15:40Z,p
116,maroua dahmani,http://www.youtube.com/channel/UCiaiwByXma9C3hc0dAXsy_g,والله غير كي طيح في راجل رخيس ومهلوس غير يعريك ويكطعك طراف طراف صدقيني هاد الجنس لي راهي تهظر عليه ميعرفش العريان من المستور ميخافش ربي او مراهوش قع سمع الرحمة في قلبو مكاش جوزي قدامو مسطورا هوا بعيد الشر يشوفك عريانا والعياذ بالله حقيقة رانا نعيشوها علاش ننكروها ربي يجيب ساعة الخير امين يارب العالمين,0,2020-10-19T10:45:28Z,p
117,khedidja allou,http://www.youtube.com/channel/UCTaM-c_tSBnOZNeWBv3rz9Q,نتي ضكا مسمية روحك امراة وانثى ناي راكي بعيدة خلاص على الانوثة ماكيش متربية ماكيش باهية وحدة خامجة تحوسي تبعدي على دين وتجبدي في لبنات باش يولو كيفك حنا دينا دين الاسلام ولازم نسترو روحانا حبيتي ولا كرهتي وكي مراهوش عاجبك الحال كان رحتي عشتي في الخارج تخرج عليك هاد العقلية وزيدي ديري مزية وبدلي دين تاعك باسكو متشرفيناش باش تكوني مسلمة,0,2020-10-18T09:14:55Z,p
118,Zinou Zinouch,http://www.youtube.com/channel/UC7vZlL3h3iqdW1lQPg7DxkQ,حنا حيوانات شوهتي خلق الله الانسان لربي كرمه تقولي عليه حيوان ربي ياخذ فيك الحق نيفو بدون اخلاق,0,2020-10-18T08:45:05Z,p
119,Salim سليم,http://www.youtube.com/channel/UCUSTIbVjtbHM6b2rVq2FE4g,اولا هي تعمل في الاعلام لازم تطلع المستوى ثانيا هي من المفروض جزايرية توصف الجزايريين بهذه الاوصاف خطا لا يغتفر ثالثا في واش عندها الحق في المتحرشين اوكي هي سافرة متبرجة علاش ما تبداش بروحها تستر روحها اولا تحترم الذوق العام نحن شعب مسلم يعني خارجة نصف عريانة تحترم نفسها الاول ثم تنتقد اللي قاعد يشوف فيها,2,2020-10-18T17:15:41Z,p
120,إنسانية حرية,http://www.youtube.com/channel/UC2rdWI-Ox2dXmc6qWWVjLtQ,شفت بلي لي كومونتار تاع النسا ضد مونية بزاف نورمالمو جيو في صفها عندها الحق في اللي قالتو ماكانش مرا تمشي في الطريق بلا ما يتبلاوها بالجلباب لا سيفيليزي كبيرة لا صغيرة الناس ولات مريضة نفسيا مكبوتة اترباو اللي يماك ختك بنتك كامل يتمشاو في الزنقة كيما دير يديرلك الناس بكري كانو النسا سيفيليزي كانو الناس مربيين يجوز كلي ما شافش دوك عينيه يخرجو الريوق يسيلو زيد كلام العار خلي لوكان كل واحد يلها في روحو تتقدم البلاد قاعدين شادين القهاوي اللسان طويل,0,2020-10-18T07:55:07Z,p
121,Mohamed Soualem,http://www.youtube.com/channel/UCRdHXsJlg7VZEqGLnjXwTVg,قحبة,0,2020-10-18T05:12:43Z,p
122,Amina Marame,http://www.youtube.com/channel/UCH2tsO06db7CjhuT7H4_NHQ,انسانة جيعانه مشي مربية تحسباها كاين غير هي فهاد الدنيا واحد مراهو سامع بيك عرت النسا ماشي ماصلا رخستي روحك بروحك,3,2020-10-18T02:07:16Z,p
123,Serine Ghost,http://www.youtube.com/channel/UCxAwQ81RV8jw6OUUHD843yQ,اترحمي على مروان لدارولك طريق واحد ما كان سامع بيك يا نعناعة ماتخليش كلامك كشتاء لتفسد الغلى نصيحة مني اذا كنت زينة استري روحك مالعين اذا كنت شينة استري روحك ملفضايح يتحدث السفيه بما فيه لابسة نورمالمو مراكيش متاكدة بلي لابسة ماشي كامل رجال ذيوبة ماشي كامل نساء نعجات يوسف عليه السلام زوليخة مرت عزيز مصر هي لي راودته عن نفسه ماشي هو افهمي مليح التعميم يضرك يابنت الناس الله يهديك قبل ما يديك,0,2020-10-18T01:40:33Z,p
124,cilia cilia,http://www.youtube.com/channel/UC5DvRPyxNyUWDLBvNHvqobA,اي قلبي هدي طلعوها ديوثيين وديوثات والعرايا كيفها وكان كل وحدة تخرج عريانة وماتحشمش يبصقو عليها بوحد ريووڨ تما يعرفو قيمتهم بلي هما وتوالات خير منهم وانه يحطو ارواحتيهم بلي هدا مجتمع جزايري محافظ وانه هاد بلاد طاح عليها الدم وطاح عليها رجال ونساء على جال الستر والحياء والاسلام ماتقارنش كفار بمسلمين لانه فرق كبير هادوك كفار حلو عينيهم على العرا تجيهم عادي وعندهم معتقد تاعهم عادي مي احنا لا عندنا الاسلام وشرعنا امور نمشو عليها حتى نار وجنة بين ربي طريقهم هدي وامثالها حبو نشر الفساد والعرى ونسا يحكمو في رجال هدي هي ملخر تحيا ولاد بلادنا وتحيا رجال بلاد هدي ماتلحقش رجال بلاد حتى في بول تاعهم لازم يريڨو عليها من وحد بلاصة باه تعرف قيمتها خامجة هدي نسات بلي بلاد طاح عليها دم ورجال بغات تردها بلاد كفار بزعم التحرر والعرى خامجة قتلني بالضحك هديك مونيا غول مش بن فغوول هديك حلووفة خير منها قيمتوها ولاد بلادي اخطوكم من زوبيا خامجة تروح تنقي روحها ماكياج ساترها ولابسها هدي هدفها قاع العرى والنسا تحكم في رجال شوفو حصصها يعطوكم الخبر خامجة هي وامثالها حبو التحرر ونساو ربي لعطاهم في القران كامل الحريات وشرع للمراة وحفظها وكرمها زعما هي بغات تولي سفيرة عدل للمراة جزايرية وتردلهم زعما حريتهم هي عايشة كما حيوان لامبدا لااخلاق لادين لاملة لاحرمة لاوالو وهدي شبعت لحم لحلوف ماعندهاش الغيرة لهي لا لجابوها فايحة,0,2020-10-18T01:36:29Z,p
125,ophtalmo yacine,http://www.youtube.com/channel/UC-LwtrnyStOHo32LknXb31g,الكبت دار فيك حالا يا البايرة,0,2020-10-18T01:12:07Z,p
126,Miloud rachdi,http://www.youtube.com/channel/UCLyqJeLxspk6-GizgL4VmWg,قالت الحقيقة برافو عليها ونتوما زبل متبغوش الحق,0,2020-10-17T22:43:42Z,p
127,Abdelhak Benyahia,http://www.youtube.com/channel/UCJ_IvRV-1CLWuj4GsfMY0YA,هاداك جاد 106 شباب عليك,0,2020-10-17T22:32:15Z,p
128,Omar Abdellah,http://www.youtube.com/channel/UCproE5JSjOX84fnLSpfuwxg,زدت ضيعت 3 دقايق اخرين من حياتي في امر تافه,0,2020-10-17T21:02:36Z,p
129,اولادى حياتى,http://www.youtube.com/channel/UC-G0bA1k2wmMn03eYiibxWA,ياخى رخيسة ماتغرفش تهدر مسمومة مريضة ماتحشمش واش داك تهدرى هاذى الهدرة واش من الفايدة ياخى حالة ياخى,0,2020-10-17T20:42:13Z,p
130,Zine ddine Manallah,http://www.youtube.com/channel/UC7el-n3fIPelw4QCEP30Vng,يخي كرفة ياخي استري روحك منكحلوش عليك,0,2020-10-17T19:50:57Z,p
131,mina mina,http://www.youtube.com/channel/UCFv4LcviH2RB81ixJJ0gSEA,كنت نكرهك وزدت كرهتك نتي واميرة تاعك لي عندها فومي,0,2020-10-17T19:07:03Z,p
132,Zaki Bez,http://www.youtube.com/channel/UCoGg5kO8-5UZkcJg9OxqxNg,اكبر خرية في الجزاير اختفوه,0,2020-10-17T19:02:41Z,p
133,KaDeer Dz31,http://www.youtube.com/channel/UC06RMt5DtObfUazH19GNCzA,زوافية معندنا ما ننتظروا منهم زواف ولاد فرنسا يبغو زب لي ماشي مطهر رشي كي وجوههم,0,2020-10-17T18:55:35Z,p
134,Celia Sedoud,http://www.youtube.com/channel/UC9v96Z7dCqtxxnEY2Z6hSIA,يخي جايحة تعيي كي نتي كي اميرة تاعك وهادوك لي قلتي عليهم حيوانات صحي مفهومك بيسك راكي درتي غلطة حياتك كي هدرتي على ولاد بلادك,0,2020-10-17T18:42:48Z,p
135,Houssem Boud,http://www.youtube.com/channel/UCCzU1kda6XNlx7vxOeQQBxg,يا الزح تلبس شوية لبسة كلش مزير مادابيها واحد ما يشوف فيها كيما قالت خالتي الله يرحمها ما نلومش الرجال كي يشوفو البنات لي يلبسو المزير العريانات علاخاطر حتى حنا نساء نقعدو نشوفو فيهم احترمي دينك نفسك احترمي داركم اسم العايلة تاعك استري روحك الله ثم والله ثم والله اذا شفت فيك بخزرا عيانة الله يعميني دنيا اخرة,0,2020-10-17T17:50:11Z,p
136,mimi mirale,http://www.youtube.com/channel/UCVh-HYaD_jTvZMg0mILA2Zw,نقلك الحقيقة كانت عندي كلبة بيضة شابة عليك,2,2020-10-17T15:27:43Z,p
137,Iman Zemour,http://www.youtube.com/channel/UC0GCdoc0k48JJeGfzectCUg,روحي تخراي على روحك روحي استري روحك ياخي جايحة يخ,0,2020-10-17T14:42:16Z,p
138,Ladaycia Bassem,http://www.youtube.com/channel/UCAXZdHiB5RtV4dUOzW0NI9A,واش حاطة روحها خرية هادي,0,2020-10-17T14:11:09Z,p
139,Kåmel_ 02,http://www.youtube.com/channel/UCvqCveb830m1sOHxcw269cQ,خامجة ومكيش متربية,1,2020-10-17T12:35:55Z,p
140,Mohamed Mohamed,http://www.youtube.com/channel/UC7522F7UK7K-1T2YY6JLZIw,احرقوا هذه الماجوسية المتبرجة فهي عالة وخطر كبير على المجتمع انها معصية تمشي على الاقدام احرقو هذه الافعى قبل ان تبث سمومها في بناتنا الاشراف مكانتك في ذيل ترتيب بنات الجزاير ربما تظن بنفسها اكثر مما تستحق لكن نحن نراك على حقيقتك حثالة مجتمع,0,2020-10-17T11:52:51Z,p
141,ماري عمران,http://www.youtube.com/channel/UCIEwXAb63lvhXBDHOiQxccg,اختي هل اسمك الجهل لانك قلتي الجهل يتكلم انا ماريا اتكلم معك اوضح كلامي غريزةالحيوان تاخذه الى حيوان مثله لكن غريزة الرجل تاخذه الى جنسه اذا وجد فيها مايلفت نظره كالفخدين والصدرالمفتوح و و و اكيد سيبقى الرجل ينظر الى ذالك الحسن المجاني المفضوح ولو سترت المراةمفاتنها عن الرجال كما امرها ربها لكان ذالك اهون عليها وعلى الرجل ولاتكلمني عن اولايك الرجال الذين يتحرشون بالمتحجبات ذالك صنف من الرجال مراض لانهم لايفرقون بين الانثى المستورةاو العارية هداهم الله لكن هذا ليس مبررا لنا امام الله كي لانلبس الحجاب الشرعي,0,2020-10-20T06:09:59Z,p
142,Abdo DB,http://www.youtube.com/channel/UChtMjOKxyJJRGDlcSk9hzHw,خاف الجيعان الا شبع عندكو كيدارا جبهتها ماتكملش تفو مخنزة,4,2020-10-17T05:49:41Z,p
143,kaki Bella,http://www.youtube.com/channel/UCjBw16_jKfvhh825EYtOaFg,اقسم بالله العلي العظيم غير عندك مليون حق مونيا الشعب الجزايري ولى داير كي زبل وزيد فعال الشياطين والشابة كامل حاسبين روحهم صح من اهل الجنة وربي تاعهم وحدهم,17,2020-10-17T05:34:37Z,p
144,Hsen Hasen,http://www.youtube.com/channel/UCC-8IBoYMpFLn7Y0JM-4Dtw,ياو كاين الرجال و موسطاشة كما هادي تهدر على روحها مجمعش لوكان سترو رواحهم منوسلوش لهدي الحالة فالثمانينات مكاش هدا التمسخير حيوان خير منها مهم تهنينا من موسطاشات هادو يا لطيف واش راهي رافدة جزاير راهي ليكم كولوها ه هادي لي تكون مشتاقة راجل دير هكدا,0,2020-10-17T23:09:36Z,p
145,kadour afb,http://www.youtube.com/channel/UCNHlbSu7MHE7jWzjPFfOxhw,واش تكون هديك الخرية تاع مونيا باه تهدر على الرجال تاع دزاير اللي كانوا يخزروا فيها لاخطر تخلعوا ما فهموش ولا هذي بني ادم ولا رجل ولا مرا ولا مهرج تهدر تجمع بلي ڨاع دزيريين هكاك بصح الغلطة تاعنا اللي خلينا وحدة زبل كيفها تولي حاسبة روحها,1,2020-10-17T10:51:47Z,p
146,Hamza Ouzenati,http://www.youtube.com/channel/UCiBz0DnJ5QU9ZWO_q_iD1Ag,يا خي جايحة,2,2020-10-17T01:17:40Z,p
147,wahih vo,http://www.youtube.com/channel/UCqbEkGoZk_0tTLPuy9lr3Rw,في هذه والله ما غلطتي شعب كعبة في راسوا,0,2020-10-17T00:18:05Z,p
148,Rida Sido,http://www.youtube.com/channel/UCc22gy3a_bvF70J0vDcEy1A,راني حايرة غي والديها وين راهم كدايرين تفو,0,2020-10-16T23:24:05Z,p
149,سارة مصطفى,http://www.youtube.com/channel/UCkMmzqZHMvQDs30xWXX-z9Q,ربي يهديك يا معزة تفو متشبه لوالو حاشة المعزة,1,2020-10-16T22:58:58Z,p
150,Abdenour Hadj Youcef,http://www.youtube.com/channel/UCSq6zU4mvR040HlVJvp_K3g,تفو خلاصت الهدرة استرو رواحكم بهدلتونا,0,2020-10-16T22:10:31Z,p
151,NINJA FF,http://www.youtube.com/channel/UCY4qRcVnRjWgNZINbgAm8Bw,مشي قاع كاين الرجال روح سطر رووحك ومن بعد هدر على الجزاءر نت الى تشوف فيهم طرف لحم حنا نشوفوك مشي مربية,4,2020-10-16T21:17:57Z,p
152,Kripa Mostapha,http://www.youtube.com/channel/UClhR-RfbbCJW3zzc_DWuptw,خامجة كافية تقتلي دايرة طابلو في وجهك وجية تهضري مكروبة,0,2020-10-16T20:59:09Z,p
153,Aida Imen,http://www.youtube.com/channel/UC5yyDfbhCkVrw7J-b-eZ2FA,عندها الحق بردتلي قلبي نتوما متحملوش لي قول الصح الشباب الحزايري مكبوث خامج موسخ نستعرف بيك كتلتيهم بالقنطة,0,2020-10-16T20:44:08Z,p
154,Ryma Hassani,http://www.youtube.com/channel/UCQI30pA9QOCuHer4fN8zs9g,اذا خوك راه موسخ ومقمل سمحيلي مراناش كيفكيف,0,2020-10-16T20:47:50Z,p
155,iss an,http://www.youtube.com/channel/UCkU4h69nPXN5zvSgRJPvH-g,حكمتي على روحك بالاعدام وزيد تموتي بايرة ونشوفوك لتريقي على راجل ولا يا شماتا,2,2020-10-16T20:34:50Z,p
156,Madi Hidara,http://www.youtube.com/channel/UCIOUB811M05S0rgbeFc5Eww,يا خاوتنا قالك خذ الحكمة من افواه السفهاء انا ما رانيش نقول عليها سفيهة قلتها لهاذاك الي يجي يقولي فايحة متبرجة يا اخي نتا ماشي رب تحاسب هاذي اول حاجة ثاني حاجة عندها الحق ما تخزرش فيها حتى لو كانت عريانة لانه حرام عليك ما تقوليش متبرجا تروح تستر روحها نقولك ما تحكمش فيها نتا ماشي قادر تحكم غير في عينيك تقولي تبل روحها نقولك بدل روحك نتا خاوتي هاذي واش قالت كامل صحيح نتا الي راك تقولي هوما يلبسو نقولك كي تروح لربي قولو خزرت فيها لانها كانت ما لابساش مستور تريتيتها زنينا انا خاطيني هيا زانية نتا ضحية قولو انا خاطيني لقيتهم يبيعو في الشراب شريت شربت لاكن هوما باعولي انا خاطيني بلا تنوفيق شعب طوني علابالو بلي عندها الحق يحب يتفلسف زيد حت بناة الفاميلية ما تطلقوهمش شفت حتى الي يكحل في نقش,0,2020-10-16T20:04:17Z,p
157,jak jak jak jak,http://www.youtube.com/channel/UCWVxT9qFY7rrqSY21tEfVYg,انا مربي كلبة شابة عليها بلا مكياج,0,2020-10-16T18:00:04Z,p
158,Zamzam007 Mchimcha,http://www.youtube.com/channel/UCYxWJZcNzkIZYpkH8w_l3Ww,حتشون يماك,1,2020-10-16T16:09:02Z,p
159,Apderaouif Makloufi,http://www.youtube.com/channel/UCLBUBqKE35JQavJXJVckM1w,عيب اعليك اختي باش نهدرو الصح التحرش هذا راهو فكل البلدان بصح نورمالمو تفرحي كيتعرفي بلي الاغتصاب فبلادك راهو بين اقل النسب فلعالم وكي قلتي كاين متحجبات مطلقوهمش التحجب ماهوش اك تلبسي كي الكوجاكا تستري راسك وتعري ملتحت واللي يتبلاو المتحجبات اقليل بزاف غير مكا لاه الكذب او دارو بزاف تجارب اجتماعية تثبة الكلام انتاعي او ديجا باين ملفوطو بروفيل انتاعك بلي التربية زيرو روحي شوفي كيفاش راهم قاع يشطحو فتيكتوك بهدلتونا شوفي مونيا هذي ميفاش امعرية روحها انتوما هوما اللي مخلوعات كيتشوفو طونوبيل اتريقو او حاشا بنات الفاميليا اللي ماكيش وحد منهم ويمثلو20 برك ملمجتمع ذك انهار خارج امعا بويا وبويا ايشوف فيهم كيفاش امعرين او يمشو او يلعن بصح ماكانش يزقي فيهم قلبو دار كيشافهم ونا احشمة مالقية مين انحط وجهي وديجا الرسول راهو اهدر اعليكم قال رسول الله صلى الله عليه وسلم صنفين من اهل النال لم اراهما نساء كاسيان عارية وهذا الصنف اللول هو انتوما تسما ماذا بيا اتقوليلي الشعور انتاعك ونتي علامة من علامات الساعة ضرك العرب قاع راهم ايقولو بلي الدزايريات قاع قحا,0,2020-10-19T20:58:44Z,p
160,Biba Didou,http://www.youtube.com/channel/UCSo8haScenkeSpRVEh389wA,انت واميرة تاعك مخلوعين راني حايرة فيكم انتم لا تمثلون النساء الحزايريات الفحلات انتن عرة النسا اولا نحي قنطار ماكياح اللي راكي دايرة امبعد ارواحي قابلينا,231,2020-10-16T15:11:13Z,p
161,Youcef Aliouat,http://www.youtube.com/channel/UCrx5PMGsDTcev9mbO-U9kPw,روحي اغسلي فمك وتتلمي تهدري معا الناس باحترام مانيش نعس فيك راني نشوف فيك دافعي عليها انا ما ندافعش على حثالة المجتمع لي كيفك وكيفها ندي حملات في الانستا على وحدة ماتسواش بصلة,0,2020-10-19T20:12:25Z,p
162,Mustafa Dahkol,http://www.youtube.com/channel/UColgVydnd_pOjSYs63u5Qjg,روحي شوفي كلب يعضك استرو رواحكم حنا مانشفوش فيكم الرجل مطالب بغض البصر بصح معاكم وقيل حابين نديرو كمامة في عينينا خير,2,2020-10-16T04:10:36Z,p
163,Ridha Avm,http://www.youtube.com/channel/UCawKRt_8ZTeZBFyaQIXVnxA,خانزة هذي ماشي متربية هذا اصلن عريانة,1,2020-10-15T14:54:16Z,p
164,hi ba,http://www.youtube.com/channel/UCOP5SYljUkzLbJ0qCX9-PmA,ربي يهدي ماخلق محقهاش تعمم ماشي قع رجال كما قلتي حاشة الحمدلله مزالت كاين رجلة اصلا دزاير بلاد رجال وهاذوك لي غتاصبو ويلعبو ببنات ناس حسبنا الله ونعم الوكيل فيهم وهاذوك مايمثلوش لجزاير ماشي معناها كامل مشي رجالا ويحوسو على نسا بلاك هاذي عندكم مي عدنا الحمدلله الحشمة السترة بالعكس نخافو من خاوتنا واهلنا نتي امشي عريانة وارواحي قوليلي مكبوتين علاه مايتبعوش هاذيك لي متخلقة لي ساترة روحها الله يهديك ولي تجي تقلي ماخلاو لا لمتبرجة لا لمتحجبة نقلها كاين لي تمشي صح مريڨلا وخاطيها راها باينة,32,2020-10-15T10:22:11Z,p
165,سارة Sara,http://www.youtube.com/channel/UCE5YoleHSoF8W9u5dzVu4wQ,بلع فمك,1,2021-01-18T17:22:20Z,p
166,Imen Mahdjoubi,http://www.youtube.com/channel/UCbQBrgOJ9deiFsLHZVoZKGA,راكي تغيضي قط ولقا شحمة فايحة خمي بواش تلاقي ربي خمي تنستري قبل مايسترك الكفن,0,2020-12-15T21:31:43Z,p
167,Ya Hiya,http://www.youtube.com/channel/UCCkNp85utePXgHt-N9Ey8Mg,جايحة اسمحيلي بزااف,1,2020-12-06T21:48:28Z,p
168,Hafsa Barrbie,http://www.youtube.com/channel/UCtxk_Tf5irJ6xl7twafzZKw,ماتهدريش علا سيادك يا البايرة,0,2020-12-02T15:24:17Z,p
169,Biba Bida,http://www.youtube.com/channel/UCVrY72qhikyAvcqfrNLug_A,فيهم وعليهم ولعفون يشوف لعفون لمربيين وناس ملاح ورجال ماتشوفيهمش نتي خاطر لميليو نتاعك معفون يا معفونة,0,2020-11-30T12:47:37Z,p
170,Lionardo Donatelo,http://www.youtube.com/channel/UCM_PumMsQSggfqDOcIKyrPA,الله لا يوصل يدك لخدك يازريعة لمسوسة دكان كافيا كيفك تهدد على ولاد الجزاير,0,2020-11-26T14:40:15Z,p
171,رورو ايوية,http://www.youtube.com/channel/UCl5Do2KOQ3787T2CKvuz6sg,من قبل نكرهك زدت,0,2020-10-30T18:10:59Z,p
172,Aboukomay Thouam,http://www.youtube.com/channel/UCBNpg-4AfRgyUm63t2h-zmg,حاشا لي يقرا في تعليقي كون جا لخرا مليح ما يدور بيه الذبان معناها راكي خرية وناس بكري قالو الفم المغلوق ماتدخلو ذبانة معناها درتيها بروحك يا لعريانة ونختمهالك بهذي من جاور لجواد جاد بجودهم ومن جاور الارذال زاد عناه ومن جاور البرمة تطلا بحمومها ومن جاور الصابون جاب نقاه نتي ومثيلاتك كامل موسخين,0,2020-10-24T23:35:55Z,p
173,Yassmine Gadwar,http://www.youtube.com/channel/UCuOj1-Oe0A4RPoNN8dSOFTA,قع لهدره لي قالتها صح وعندهاا لحق نتوما ولا ادكم لي يقوول لحق وصح يوليي شيين تقبلو رواحكم وي نتم شعب تافه حاشا ولاد فاميليه وبناات فاميليه,0,2020-10-23T21:40:46Z,p
174,Art Of life,http://www.youtube.com/channel/UCaAkn_7ChTeeXs5yIKU-0kA,الرجل الجزايري لي عايرتيه وسبيتيه هو لي دار الحراك باش تعيشي في كرامة الرجل الجزايري هو لي راه في الجيش ومايرقدش حارس عليك باش نتي ترقدي هانية وتمشي في الطريق عريانة بكل امن,1,2020-10-23T18:57:52Z,p
175,مسلسلات رمضان جزائرية,http://www.youtube.com/channel/UCTnAd3C5BrwFfNMLi6W2pmQ,تفوه خماج فسدو لبلاد,1,2020-10-23T19:11:56Z,p
176,Smail Douha Chourouk,http://www.youtube.com/channel/UCQZx8sGJCL9V4m-n3255csg,والله عندك الحق حاجة باينة يقعدو يخسرو فيها باسكو اول مرة يشوفو فرعون على الارض تفو بيها عمبالها راها باربي مونية,1,2020-11-02T07:58:19Z,p
177,مسلسلات رمضان جزائرية,http://www.youtube.com/channel/UCTnAd3C5BrwFfNMLi6W2pmQ,كل واحد كيش تربى مي كانت قادرا تلحق الميساج ياحترام بصفة اخلاقية,1,2020-10-22T22:15:25Z,p
178,haddad karim,http://www.youtube.com/channel/UCWVG_GscjYdu816BgUuoSSA,وحدة كيما انت لوكان تكوني عريانة قدامي كيما خلقك ربي يا والله بدبوس مانقيسكش,0,2020-10-22T20:33:38Z,p
179,Amal Amoula,http://www.youtube.com/channel/UCvZi1MJCSZF2IFRXAtNm8Ng,على عام شيفا روحك وحسب روحك حجا ونتيا ولله خرية خرمنك شكون نتيا حتى تهدري على ولد بلدي استري روحك يا متستهليش انك تكوني مراة جزايرية,1,2020-10-22T20:00:10Z,p
180,houda bachirbey,http://www.youtube.com/channel/UCm4WTiZqloyQDcgapRh--aw,واه نيشان مكبوتين بهدلونا تفو عليهم,0,2020-10-22T16:23:37Z,p
181,RaHma Guiassa,http://www.youtube.com/channel/UCMeZgYk-lU93xAR-GaeKLnQ,ياو هذا كامل باه تقلكم اي اميرة شرات طاكسي بالفومي ها باركولها خليها تسكت علينا خرا هاذي,0,2020-10-22T11:43:13Z,p
182,bibi Mouh,http://www.youtube.com/channel/UCY4TiSeSNdDQSaY2LG2b5PA,واش من مستوى عندك وشكون الحلاب لي دخلك للسينما دزاير معمرا بالزين انتي ما نعرف منين جابوك ما عندك حلاوة ما عندك زين باه نريقو عليك قداه نكيلو ماكياج دايرا يا جايحة روحي شوفي روحك فالمرايا كلون اقسم بالله العظيم انا كون دجيني بلاش ما نقبلش بيك يا جايحة تلحقي انتي سهيلة معلم زين وحلاوة تربية ربي يهديك,0,2020-10-21T18:25:23Z,p
183,ayoub ayoub,http://www.youtube.com/channel/UCeyrjlPh5yVMmWjQCMBAMew,تسبي فالرجال ونتي متسواش ستري روحك ومبعد اهدري على الناس,2,2020-10-21T16:55:49Z,p
184,Abdedjalil Sahraoui,http://www.youtube.com/channel/UCEHZTuB7aJjiWckPGTj8NgA,متزوجة ولا بايرة,1,2020-10-21T16:13:43Z,p
185,oum younec,http://www.youtube.com/channel/UCllGtGUd3LcNDgJdMQOLZnw,نساء بكري كي كانوا ساترين رواحم تاوحد شافهم كانوا عندهم شرف وشان حاليا عراو رواحهم ولحمهم راه رخيس ومايسوا والو كاين لي يبزق عليهم كاين لي سخر منهم,0,2020-10-21T15:09:21Z,p
186,Mazouz tarek. Ess Mazouz tarek. Ess,http://www.youtube.com/channel/UCfqqDezfzPiw_KRPcN7Vu7A,شادي خير منها خانزة وختى صاحب القناة لي تخدم فيها هو بغل,0,2020-10-21T14:18:34Z,p
187,Takwa takwa,http://www.youtube.com/channel/UCfJKwlOkkX3su2vmKPJtmHw,ختك ياجايحة مونية نور مالمو كون جي للعامة,2,2020-10-21T14:18:05Z,p
188,نور زين,http://www.youtube.com/channel/UCe7wJIuOotXrJUMuhk5GkxA,مين نتي متبرجةسينورمال دافعي على المتبرجات بصح كاين لبسةمن لبسةراكم كاسيات عاريات كلشي يبان فيكم واش ماعندكمش عايلةتحكم فيكم ماتخافوش ربي ماتحشموش مناس لكان المرا جات تحشم في لبستهاواخلاقهاالراجل تاني يحشم بصح المرا هي سباب البلا الله يسترعباده المومنين,0,2020-10-21T14:08:23Z,p
189,نور زين,http://www.youtube.com/channel/UCe7wJIuOotXrJUMuhk5GkxA,هي من جهةقالت حاجةصح الرجال والشباب ماولاوش يحشمو عينيهم غي فالنسامن جهةاخرى بصح تاني المرا لازم تحشم شويةسروال مزير كلشي يبان فيهم والراجل ينغوا ماراهاش كاينةالحشمةالنسا تاني فضحوباللبسةلي راهم يلبسوهالاحشمةلااخلاق واش هدا,0,2020-10-21T13:57:46Z,p
190,Ritaj Fettah,http://www.youtube.com/channel/UCeJmHD-yZwtY7XYc1wY9gdw,بلعيه ديري حجابك,0,2020-10-21T13:33:57Z,p
191,Otman Mimo,http://www.youtube.com/channel/UC_--C0qjPMQBabeAR5jAV3A,باينا كي نشوفو وحدة عريانة ننخلعو پسكو حنا مسلمين كبرنا على سترة مانيش كيما لروب كبرو علا عرة باينة تجيهم نورمال,0,2020-10-21T12:30:48Z,p
192,Mohamed Babi,http://www.youtube.com/channel/UCqJBLPXL2E9JCnx7_SnBx3A,ياو كن دوري ابوال من شوفش عندك ياوحد لجيعانة او من بكري نكرهك ومنشمش فيك,0,2020-10-21T11:29:23Z,p
193,Kami Music Word,http://www.youtube.com/channel/UCibr2uuG_NGuvAjjg4Oii9A,بصح هادي معروفة من بكري رجال يموتو علا نسا مي ماكاش غيردزريين كامل البلدان هادي معروفة الرجال من بكري يخمم بتاعو شغل معلابالناش جايا تقولينا قودي,0,2020-10-21T04:42:52Z,p
194,danny abd,http://www.youtube.com/channel/UCkHaD3Kf3AKQ3lvgrkVXi7Q,الرد عليك بالمختصر المفيد روحي قودي,0,2020-10-21T02:10:42Z,p
195,Faycel Kharchi,http://www.youtube.com/channel/UCna-4gjZCLt6xWGGjVVAZWQ,نتاجك راهم مزوجيين وبالذراري ونتيا اقعدي بوفياسة خامجة يا البايرة,0,2020-10-20T23:02:37Z,p
196,ليش شو بدكم من اسمي ما عندي اسم,http://www.youtube.com/channel/UC8K2SO0_xLhoYPeZtsa_hIA,يا بنت ناس مشي كامل كيف كيف واذا نتي تدوري في مجتمع هذاك لي مشي ولاد فاميليا وتاع هاذوك وهاذيك انا واش ندرلك ماذبيك يا بنت ناس متجميعش وكل واحد يمثل نفسو يعني مشي واحد ملقط وليد برا جاي يمثل كل شباب الجزاير ومشي طفلة ملقطة بنت برا جايحة تمثل بنات جزاير كل واحد واش عندو في راسو وكاين كبير وكاين صغير كلمة واحدة تكفيك نقلك برك شتي كاش نهار روحك في لمرايا ولا لا جابلي ربي غي انا كنت نحب هاذي مخلوقة كي كانت انسانة دوكا ولات نخلط سياسة بولتيك وتدخل روحها وتاع مشاكل خرجت كامل من مجتمع تاعها كانت غير تمثيل وهاطيها بوليتك الشهرة واش تدير تبدل البنادم180,1,2020-10-20T22:05:01Z,p
197,MINEUR FF,http://www.youtube.com/channel/UCTCBcOTGc_VNgXx2fFWJmgg,قطه جيعان لقا لحم خامج علابيها رجال جيعانين شافو لحمة خامجة بدا يريڨ,0,2020-10-20T22:00:05Z,p
198,Khaldi Mouhamed,http://www.youtube.com/channel/UCvmiDo8bFcXaAoWcN_dXpIw,لحمك خانز وجيفا يا عيفا,0,2020-10-20T18:54:34Z,p
199,Ilyes Zehairi,http://www.youtube.com/channel/UCBBAWztLv71DAljlCzi7dsg,الجهر بالمعاصي تڨولهم لابسة نورمال عريانة يعني نورمال انسانة جاهلة ربي يشافيها مسكينة تسبي في ولاد بلادك,0,2020-10-20T18:45:04Z,p
200,شهل الـعيون,http://www.youtube.com/channel/UCxwb2qTP5foYhw5NJ_2VICA,منحملهاش رهج,1,2020-10-20T17:19:06Z,p
201,HMIDA DZ USA جزائري في امريكا,http://www.youtube.com/channel/UC5ZMSS0-FBYQVnRzH0Lo-sg,الله يرحم والديك يا صاحب لقناة وين راهم لمساكين لي قراو فل الجامعة التمثيل 04 سنين قاعدين في ديارهم يستناو كاش مخرج يعيطلهم منبعد وحدة حابسا فل هبطا تدخل في هاذا المجال الهدرة ماتعرفش تهدر تدي دور البطلة في مسلسل من بعد تنخلع في روحا تعاير الرجل الجزايري لي هو دخلها باش تمثل تفو على نسا لي كيفها ولي يخمم كيفها مازال كاينين الر جاللي كي تفوت عليه مرا يشوف فيها عادي مايريقش كيما هاذي لوحا مشمخا قاعدا تشرك فل ترما تاع فمها,1,2020-10-20T17:05:04Z,p
202,Mahdi Hamdi,http://www.youtube.com/channel/UC0NdKm50Xuxr4effwagtcag,خاتش خامجة,3,2020-10-20T16:52:23Z,p
203,Assia Metidji,http://www.youtube.com/channel/UCU4FHdA6w0jCuhO92HA_-Qw,شوفي يا مونيا اولا انا مانعرفكش اول مرة نشوفك وما يشرفنيش نشوفك كاينة حاجة لازم تعرفيها الجزايري ماشي كلب باش يسيل لعابوا على انثى ثانيا الجزاير لا يسكنها فقط جزايريون ثالثا الاسلام يامرنا بالستر والحشمة والرجل الجزايري اعتاد على روية من حوله محتشمات وعندما يجد وحدة معرية عادي يخزر فيها انا مرا ونشوف فيها ماشي حتى الراجل زيد المرا اللي تقعد بالساعة وهي تماكيي وتسڨم في روحها اكيد باش يخزروا فيها العباد انا هاكا نعرف وزيد المرا حرام تخرج متبرجة لانها توزر عباد معاها يوم يحملون اوزارا فوق اوزارهم الله غالب هذي الفطرة منذ خلق الدنيا وهي هاكا ماجيش انت تغيريها والا ربي كان يقول للرسول صل الله عليه وسلم قل لازواجك وبناتك ونساء المومنين يتبرجن ويظهرن زينتهن حاشاه ان يقول هذا ولاكن ربي اراد بالنساء خيرا فقال قل لازواجك وبناتك ونساء المومنين يدنين عليهن من جلابيبهن ذالك ادنى ان يعرفن فلا يوذين معناتوا المرا في القران قاللها ربي استري روحك باشما ياذوكش الناس يا خي بقرة لست حتى حلوب نستفادوا من حليبك روحي درڨي وجهك علينا وجوه البق,0,2020-10-20T13:25:44Z,p
204,آلمہہٰ۫ۓتہہٰ۫ۓمہہٰ۫ۓرد آلآسہہٰ۫ۓبہآنہيہہٰ۫ۓ,http://www.youtube.com/channel/UCpAjcqFp0049tov2H6JxtOQ,واش نقولك روحي نعدين باباك ودين التمثيل الي حلبك وخرجك من الفقر وجه المقلة القصاص عليكي انتي يافايخة مسلطة بلمكياج وجهك مايصلحش لوالو,0,2020-10-20T12:38:54Z,p
205,dz Goold,http://www.youtube.com/channel/UCjblsIiUOLZQmHWesRy2_MQ,يا ونتى طرف خرا,0,2020-10-20T01:26:13Z,p
206,Moh Moh,http://www.youtube.com/channel/UC71w6lbegVCycx9x5-fGE-A,ماشي مخلوعين فيك نتي مخلوعة بروحك يا ضبع ليمن شبهتك ملقيتكش جايحة وفرشة نتي تهدري على دزيريين نتي باين,0,2020-10-19T23:56:57Z,p
207,الفتاة المتمردة,http://www.youtube.com/channel/UCLlrIefoo_gX0376qQQn2JA,عندها الحق تضالو تشارشو في البنات في الرود حاشا ولاد الفاميليا مامنعت منكم لامحجبة لا سيفيليزي كليتونا خماج,0,2020-10-19T23:31:05Z,p
208,ماريا ماريا,http://www.youtube.com/channel/UCQsQcsJKZ9joPvPPQ-KqKfQ,جايحة مسكينة ربي يشفيها,3,2020-10-21T11:50:40Z,p
209,säble Dør,http://www.youtube.com/channel/UCBTLArvCHX7N2UIcFLIsGLA,راكي غالطة انا مر كيفك علبالي بلي المراة كلها عورة حتي صوتها لهذا ديننا الحنيف فرض عليها السترة,0,2020-10-19T21:50:07Z,p
210,Abdelgani Ghano,http://www.youtube.com/channel/UCzoSWJ0Srp1_GTcYzRyb91Q,اسمعي نقولك حاجة انتي كون تنحي مكياج الكل يقعدو يعيطولك خويا وديجي داك رموش لي راكي مركبتهم فيهم زوج مترا وراكي مصغر نيفك ونسيتي باه دخلي جبه تعك لي راه خارج كي بتيخ سمعتي وقبل ماتهدر على ولاد جزاير غسلي فمك ياوحد بايرة روحي شوفي وجهك في مراية قالها ناس زمان مزوق حالك من برا شوف روحك من داخل وقالو ناس زمان كون بانو كون ندبو مزيا لي ماتو نتحدك تخرجي مرا واحد بدون مكياج وانا من تلمسان سلام,0,2020-10-19T21:48:23Z,p
211,bouchra bouchra,http://www.youtube.com/channel/UCIq6UAXru2Wvc2-oTcvPW5g,علاه نتي شكون حمبوك مسحي وجهك حرزي تخلعي المراية بهدلتوا بينا والله الجزاير تتميز بالاسلام بصح وحدة كيفك ضيع بلاد صريلك كيما حبة طماطيس خامجة لوكان منقلعوهاش مالصندوق ضيع كلشي نتي ليق تستري روحك بزاف,0,2020-10-19T21:27:55Z,p
212,77•BDNH•77,http://www.youtube.com/channel/UCGOjcD-DdSYbiu_3vHp-vQQ,الردود والقصف في التعليقات غسلي فمك ومبعد هدري ياودي هاذ المخلوقة قاع ماتعرفش تهدر تفو,3,2020-10-19T20:46:18Z,p
213,sa mo,http://www.youtube.com/channel/UCQFhLTYt13uvx_DRlSFZP0w,من بكري تبانيلي جايحة مي دكا زدت تاكدت والشباب الي راكي تقولي يشوفو فيك يندبو عليك مفيك حتى حاجة تنعجب وستري روحك خير لك خمجتو اليوتيوب بجياحتكم,0,2020-10-19T20:15:54Z,p
214,Drames Lovely,http://www.youtube.com/channel/UCkRamX4KoG6mFv3AwBsEARA,جايحة مستوى زيروا 0 سمحيلي مانقدرش نزيد نجوابك,0,2020-10-19T19:29:29Z,p
215,Kami Music Word,http://www.youtube.com/channel/UCibr2uuG_NGuvAjjg4Oii9A,اه سمحلي دزاير صح راهي رافدة نيفو زيرو لا من هاد عورة فيغول لامن شعب يكمنتي لواحد ميشوفش خير,0,2020-10-21T04:46:11Z,p
216,Louhichi Yahia,http://www.youtube.com/channel/UCSL6A80ohwzrjFVx801e_pA,رحمي على مشطت حبي راها ساترا جبهتك حتا تعرفي تهدري لابسا تحلاب ما يدير نتي لحم رخيس خامجا تهدري في سيادك فمك خارج كي رشكلو روحي خاصك مارطو,9,2020-10-19T15:50:46Z,p
217,Doussa Noor OFFICIEL,http://www.youtube.com/channel/UCYPyxXR_J1LNahgijRJ4GOw,3 قط جعان ريق على طرف لحمة فايحة والحديث قياس,3,2020-10-19T14:03:05Z,p
218,SARA BOUDRAA,http://www.youtube.com/channel/UC14u2KZqdHnj49Rq6V-ZWfA,راني معاك كاع راهم يعايروا فيها ولله هدرت الصح شحال من طفل طفلة غتاصبوه وقتلوه دايرين كي خرا,0,2021-01-23T22:16:36Z,p
219,Hamza Ha,http://www.youtube.com/channel/UCsMhQdLlBmLkIdJeBtP4UaQ,يا تافه انت تشاطر كلام فاجرة تتهم الشباب الجزايري بالتحرش ونسيت ان الفتيات اصبحن يتحرشن اكثر من الرجال يلبسن لباس فتيات الملاهي والبغاء ويخرجن لمادا فى رايك انا اقول لك لما يلبسن هكدا هن يقصدن ويتعمدن التعري ليجدبن الرجال كلنا نعرف ما يجري فى الشوارع نحن كرجال اصبحنا لا نتمكن من الخروج مع العايلة بسبب العري والفسق والفجور الدي يتغنى به فتيات اليوم انتم تلومون الرجال لكن الله قال فى كتابه الكريم ان كيدهن لعظيم عظم كيد المراة على الرجل رسول الله راى فى الاسراء والمعراج جهنم اعظمها نساء لمادا برايك لان اليوم اصبح لحم المراة ارخس وابخس من لحم الابقار والاغنام هاده الفاجرة لو كانت تتكلم باحترام وتطرقت للموضوع بطريقة تربوية وتوعوية لكانت مقبولة لكن طريقتها الرخيسة تدل على انها فتاة رخيسة الثمن وفتاة هوى انت جبان لانك من الناس الدين تقصدهم صاحبتك الفاجرة,1,2020-10-19T21:04:14Z,p
220,امي امي,http://www.youtube.com/channel/UCpiFTmBqJCy2ZgCR8v5bWpw,بلعي فمك خامج,5,2020-10-18T11:38:18Z,p
221,Khaled Boukhari,http://www.youtube.com/channel/UCINYipJLbqb3s4-t-J_MR_Q,كي تستري روحك وتحبسي لي هو التعري الناس تحشم تشوف فيك سلام,2,2020-10-17T23:33:45Z,p
222,ميادة مريم,http://www.youtube.com/channel/UCNzQZwsfCl_RQuPcdyRHIDg,ماشي مليح الماكياج بزاف تولي مجلدة ياخي جايحة ياخي على كل حال راهم جاوبوك سمعتي مالا يرضيك كنتي قادرة تهدري باحترام وتلحقي المساج بدون تعميم مازالو ولاد بنات الفاملية,10,2020-10-17T22:29:01Z,p
223,Nono Tlm,http://www.youtube.com/channel/UCj4ZE_w-oeJaxXg5B-JPHLA,جسم المراة عورة استرو رواحكم ما يشوفوش فيكم شفتي كاش وحدة بجلباب اغتاصبوها جامي صرات واش نقول الله يهدي ما خلق,4,2020-10-17T21:55:57Z,p
224,Zaza Djabeur,http://www.youtube.com/channel/UCunfTOEYjrNkzi946gbRc2g,نسو كلش متقوليليش راك حاسبة روحك يخاه انت راك من هذوك كاين رخيص فالبلاد كان غالي كيما قاع البلايص,4,2020-10-17T21:10:53Z,p
225,DZ Alger,http://www.youtube.com/channel/UCJl1vWmmq5yRse2v9M98ATw,والله عندها الحق شباب الجزاير ين متحرشين مكاش لقدر يشوف ختك ولا بنتك ولا مراتك قدامك بحجاب ولا بسرول والله ان منعرف هده امراة بصح كلمه صحيح وشعب كله يعرف بلي هدهيا الحقيقة بلا نفاق,3,2020-10-17T06:57:15Z,p
226,Khaled Khaled,http://www.youtube.com/channel/UChnH-HrWVm4GT_MDDG1kOKA,تفو تفوه تفوه اختفوه,2,2020-10-17T05:00:53Z,p
227,Bob lajaj,http://www.youtube.com/channel/UC3mqSmkD7IMPxs5ha5Z8OKA,ياخي زبل هدو هوما زوفرا جعنين,1,2020-10-17T00:24:02Z,p
228,Nabil Larbi pacha,http://www.youtube.com/channel/UCT0o-UICtwwRNFYEck70bng,قسما الله من كلامك نيڥو ديالك زيرو وتبقاي ديما صغيرة في عقلك مالڨري كبيرة في لاج يعطيني وجهك الصحيح المهم ربي يغفرلنا ان شاء الله,21,2020-10-17T00:19:51Z,p
229,sad music,http://www.youtube.com/channel/UC0kBrFfLL3TjZlL62SBAbsA,يخرج واحد فيها برا بولو عليها تفو خنز,2,2020-10-16T23:16:39Z,p
230,Ros Desert ros,http://www.youtube.com/channel/UCzdlxolJ--bmE2gw5ifUB1g,تمنيت لوكان دافعتو على الرسول صل الله عليه سلم بهذه الشراسة ليس على حثالة المجامع,1,2021-04-06T08:37:37Z,p
231,Fatah Batna,http://www.youtube.com/channel/UCYRmDSCPLK2_ZaBiBAcYo-w,حتى الفلطيني عندو حق مغلطش في حقك خامجة راكي تتحاسبي عليها كما تدين تدان محشمتيش قدام بناتك تفوه عليك,0,2021-04-02T15:12:10Z,p
232,princesse الزينة,http://www.youtube.com/channel/UC8wZx5lBmyaKQEPH463Ixgg,ايا سيدي الراجل يعس مرتو امو المراة واش تعس المهم الشكيلات اللي كيفها اكم تعرفوهم كل ستة شهور تخرجلنا كافارة من تحت كرلاجة تلعبها فايقة متحلبة متطورة مانعرف منين يجيبو الثقة تاعم تجي تنحيلها جد باباه ممبعد تقلك انا حرة لاي واحد كيما بشرى اميرة ريا الشكيلات تاعهم روحو حر ان شاء الله يشلفطكم قودو علينا من التيلي من اليوتوب واحد ما يسمع بحقارتكم كون جاو يحشمو برك هي ظارتها دارتها تسكت تقول اللهم اني ظلمت نفسي لالا تاعنا تقلك حلية سخصية تفو عليهم على والديهم اللي مراباوهمش,0,2021-04-01T23:46:34Z,p
233,Karim Sadek,http://www.youtube.com/channel/UCTntsKSXMtAwOr-zN5ZMF4w,شكون لي قالكم بلي راها طيح للشعب الجزايري بالاك راها على لي راهم يبارتاجيو في فيديوهاتها لنشر الفضيحة يا خي هذي حياتها بينها بين مولاها و نقولكم الصراحة الله غي عندها الحق حسب تجربتي في دراسة سلوكيات الناس جميع من يعمل يساهم في نشر الفضايح تلقاه معمر بالفضايح في داره في حياته يحب يطلع المورال لروحه بنشر فضايح غيره حتى يغطي اعين الناس على فضايحه يا تلقاه عطاي فاقوله في لونتوراج دياله دايرينه تحريشة لا عنده اخته زوجته او بنته دايرة حالة في العطاية ما قدرلهاش تلقاه يستنا كاش فضيحة لواحد يسمع بيها باش يطلع المورال لروحه,0,2021-03-27T00:08:21Z,p
234,Mohamed Ouazene,http://www.youtube.com/channel/UCncxWhE1r_63WGXdyQAGN5Q,خامجة فايحة تزيد تهدر,0,2021-03-22T22:25:25Z,p
235,Rač hï d mòbï st,http://www.youtube.com/channel/UCpHllVItYQw7XTJfuIo2oBQ,ختك علا بالك راهي,0,2021-03-22T06:58:56Z,p
236,Belgaid Youcef,http://www.youtube.com/channel/UC8rpbfu6jDrqDjRnFaYYdEA,عمي صالح اوڨروت يا خسارة مثلت معاك ديناصورة مثل بشر ى عقبي عاقبتك شينة هيفا وهبي فور عليك متربية عليك,0,2021-03-21T00:42:03Z,p
237,تاج الدين,http://www.youtube.com/channel/UCOQ6VpEyz8c8RO1h1RpgMfQ,متحشمش اكرهتها كره شديد خامجة فاسقة,0,2021-03-20T23:57:47Z,p
238,جمانة دكمة,http://www.youtube.com/channel/UCYMYUI9S3cVXVDuQoo5MSIg,باينة موالفة طيح خامجة ماشي مربية تزوجتي جبت بنات صايي شدي روحك ولا مصبرتيش بف,0,2021-03-20T14:31:04Z,p
239,Billel Maria,http://www.youtube.com/channel/UCSdHQeeOYWG5iuv2O4cH5cQ,الفايحة والله ما تحشم ماشي مربية خسارة فيك هادوك لبنات,0,2021-03-20T13:35:11Z,p
240,roumaissa ben,http://www.youtube.com/channel/UCVJ21GABBhmUTBLv73Rk5pw,وقيلا مسمعتوهاش كي قاتلكم وش دخلكم فيا التاو بنساكم وخوتاتكم ياشعب اتقي مولاك راكم عميتوها ياولدي ماشي هيا لي متحشمش يا ونتوما لي متحشموش وش بيكم فضحتوها وتحوسوها متتقلقش واش تحوسوها تصفقلكم رخيس تاع رجلها دار غلطا وفضحها وهيا مسكينا خاطيا باه تقولولو ربي يهديك وتكونو معاها مي نتوما تسناو العبد غير وكتاه تشوفو عليه حاجة ديرو فيها 16 مي كون جا عندكم غير شويا ضمير مكنتوش درتو هكذا ربي يهديكم هذا ما نغدر نقلكم,0,2021-03-20T13:07:43Z,p
241,MEzyani Ilyes,http://www.youtube.com/channel/UCoi8KYQXsjY--ktu2lv8kbw,بنات الرجال مايروحوش لي زابارتومون روحي نتي برك هاذاك هوا النيفو تاعك العيب علا علا لي قيمك ظامن معاك كون جات وحدة خرا كون حرقوها بصح طيحتي في لحلابة تفوه عليك,1,2021-03-20T03:05:40Z,p
242,Maktit Amira,http://www.youtube.com/channel/UCHZILvwU5WdSowIoufrvRGg,دوقا راكي خامجة محترفة تقدري تلعبي في فريق ميا خليفة فهوليود,1,2021-03-20T02:13:00Z,p
243,Samiahamidi Samia,http://www.youtube.com/channel/UChKuwVXa6Aacyb6Mjcm3QIA,يا لطيف رانا في زمن اخر الساعة وضهور علامات الكبر ى عذه خامجة وبنت خماج لو كان جات بنت ناس كانت تحشم على اصلها وعلى الفضيحة لي دارتها مع عشيقها وزيد حابت تبلعط وتقول ان صورة نتاحها وفيديو لفلسطيني حابت تلصق فيه تهمة وهو لجزايري عشيقها نتع فرنسا وفي عوض لي تتاسف راهي تسب واش نتوقعو من خامجات نتوقعو منهم كل شيء خامجة,0,2021-03-20T00:56:39Z,p
244,Omar Bob رانا معاك خونا مهدي حتى ينال جزاء,http://www.youtube.com/channel/UCEdTx07M0N7E5yatRc08d8A,خماج انا من بككري فيقلك مشي بنت فميلية نتي طيحلي ولديا ربي يرحمهم وطيحي لشعب مسكين لوقف معاك,0,2021-03-20T00:32:53Z,p
245,نہوشة Dz,http://www.youtube.com/channel/UCpTaQX233qpCqMWKu8bnUIA,هيا ما تسواش وانتم طلعتولها النيفو هادي شيطانة بصورة انسان,1,2021-03-20T00:28:49Z,p
246,Belayli Ben aissa,http://www.youtube.com/channel/UCDlM_cyDPCtEoqIglHkDd-g,شعب بهلول لي كانو يدفندو عليها,0,2021-03-19T23:23:06Z,p
247,Soso La star,http://www.youtube.com/channel/UCtdY55Gh4tmn9Obl8l6kUsg,خامجة ولله متحشمي,1,2021-03-19T20:12:01Z,p
248,الامبراطور الاعلى,http://www.youtube.com/channel/UCaoLMrE79XhDbfD8kAu1o4w,نقولك حاجة يا انسة هداك راجلك زوجك حلالك ديري معاه المحبوب والمقبوب لكن وين في بلاد الاجانب راكي عند العرب والعرب القوم الذين يعيشون ويموتون من اجل القيل والقال شوف شوف هديك كيفاه راهي تتمشا معا داك شفت البارح فتيحة مع عربي اتفو علينا ملخر عندكي الحق حياتك عيشيها والعربي رايه يديره ورق حمام مين نشوف فلغرب نبقا بلا راس ياكلو بعضهم على جال شكون لي يسكن المريخ الاول وحنا لا مراة مع راجل ها تبدا الهدرة دارت دارت فعلت فعلت تفو,0,2021-03-19T19:23:44Z,p
249,linda bicha,http://www.youtube.com/channel/UCic6pAX6zwlEskBHambXz5w,تشوكيت طيح لكلام تاع الطريق كنت داريتها ملايكة سبحان مغير الاحوال ياخي خماج قليلة الحياء ان لم تستحي فعمل ماشيت,2,2021-03-19T16:10:23Z,p
250,Samiahamidi Samia,http://www.youtube.com/channel/UChKuwVXa6Aacyb6Mjcm3QIA,ما جيك لا صدمة لا والو واش تتوقعي من فنانات نتع دورك ياك خامجين وهذيك خامجة دارت فضيحة مغ عشيقها جزايري وحابت تلصفدقها في فلسطيني,0,2021-03-20T00:59:40Z,p
251,Wassila Benyettou,http://www.youtube.com/channel/UC-vXFxHoVlxnm0RnlyhQNww,كنت انشوف فيها ملاك وجها صحيح عذر اقبح من ذنب ياخي خامجة هادي عندها مواليها باش تطيح هكذاعبر التواصل الاجتماعي تحيا اليسا ونانسي,0,2021-03-19T15:22:11Z,p
252,Khawla Louli,http://www.youtube.com/channel/UCTFSG7oHsjBeA6BPSBOwQzA,خامجة لي يساند فيها راهو معاها او خامج كيفهم تفوه,0,2021-03-19T12:45:29Z,p
253,Mimi Ma,http://www.youtube.com/channel/UC_K2lsfsX-oxEKuUqT3dmwQ,سكتي يسود لك السعد بهدلتي روحك وبهدلتي الامة العربية هاذي لي تضامنتو معاها خماج لهلا تربحها,0,2021-03-19T11:53:31Z,p
254,Moloud Tari,http://www.youtube.com/channel/UCy5HIozLbuIbaCRKBopJ8zw,هذي حقيقة تاحة اما باقي كله تمتيل هي سبت اماتن خيتنا هم اشرف منك حرتي تابعي لحرام خليتي لحلال تفو عليكم,1,2021-03-19T10:27:59Z,p
255,Mili Dido,http://www.youtube.com/channel/UCfhsdNc6oCCa_rA9XldxnNA,لقال ماشي صوتها تاكد بلي صوتها تحت سواهي دواهي ربي كشفك لناس عريانة وزاد ربي كشفك بهذا فوكال ربي حاب يفضحك وجب عليك ماتبينيش روحك,52,2021-03-19T08:47:33Z,p
256,Kenza Habbeche,http://www.youtube.com/channel/UCPBzmhxFR6pibxjVrsoHN8g,لاه وش دارت حياتها الشخصية كون نطلو عليك نلقاوك خاربتها دايرة كثرمنهاا خماج يخي منافقين,0,2021-03-20T21:37:07Z,p
257,Sublime Ramona,http://www.youtube.com/channel/UC9AaQIxhb27i8HkJnX0Oblg,خامجة درجة اولى تفو منداك زواوية وجدت تضامن كبير تفو قلبي دايما هارب منك,2,2021-03-19T07:05:54Z,p
258,damdem damdem,http://www.youtube.com/channel/UCTAyYkIiLQoT34mZujBGwdA,خامجة وراهم لي قالوا كلنا بشرى راهي طيحتلكم تستاهلوا هاي بنت الفاميلية واش دير طيح كي الراجل,67,2021-03-19T07:00:24Z,p
259,Sifou Yasser,http://www.youtube.com/channel/UCw6NA8o3JH3K9ewz7MKU6bw,مزال مامنتيش ياخي بولولو طيحتلكم مونيا وزادت هادي ومزالكم طيحتلكم بماتكم اختي حنا اماتنا عزاز عندنا كون نلقاها نبزقلها في وجها والي امه عنده ماعندها حتى قيمة خليه يموت رخيس ومذلول,0,2021-03-19T12:39:29Z,p
260,meriem mesbahi,http://www.youtube.com/channel/UCuXTrLQOYBz_JSGSQ19ETAw,ماشي متربية خامجة بنت شوارع,0,2021-03-18T22:24:58Z,p
261,Amine dmc,http://www.youtube.com/channel/UC0lTj6cBrWWa235QcsDBTRw,مدابيهم تشوفهم الناس عريانة المستحيل ينطبق على الاحرار مثلك اختي ربما اما البغايا فقادرون ان يصنعو من المستيحل مستحيل يستحيل ختي حافضي على روحك,0,2021-03-18T22:30:40Z,p
262,تعلم الفرنسية,http://www.youtube.com/channel/UCECmrY8oIjSBldHIrQUzZIA,ني اوما م قاتلكم يدكم عليه شعب جايح,0,2021-04-02T21:09:55Z,p
263,Fatouma Mimo,http://www.youtube.com/channel/UCQqDQSlc7cdmoCjs3DSLq1g,تفو ماتحشمش قليل لي صرا فيها,0,2021-03-30T23:07:51Z,p
264,Asma Djaafer,http://www.youtube.com/channel/UCGCR79OoLO5vG0NRm_pPx1Q,يا خاه خماج,0,2021-03-24T16:42:03Z,p
265,Amir Otmano,http://www.youtube.com/channel/UCDGfdj0eYsKNucYcmxYBPdA,الله ذلك يا خامجة مشي مربية وقحة,0,2021-03-22T22:41:30Z,p
266,Saif Saif,http://www.youtube.com/channel/UCKPLP0NDnAERHJp0Uk46TJQ,يعطيك الصحة صاحبي خليهم يعرفو معامن راهم متضامنين نصف الشعب طحان وحشى الرجال,0,2021-03-22T15:04:06Z,p
267,Nouh Bounegab,http://www.youtube.com/channel/UC2KWwwUQpM4SPZYdK73_kbA,الحمدلله ملي شفت الفيديو نتاعها ماتضامنتش معاها والحلابين هاو الرد زيدو اسمعو وسخ وذنيكم تربحو الشعر واللي اكثر من هاك يزيدو يتضامنو معاها سبحان الله الرخيس يقعد طول عمرو رخيس واللي راجل وعندو شخصية يقعد طول عمرو راجل مايهزوش الريح من اي جيهة,1,2021-03-21T18:18:36Z,p
268,akila djaddou,http://www.youtube.com/channel/UCE_-wO9G2hamnSFk2ucsYVA,خامجة وزايد ىتحشمش واش راه صاري لي تحسبو موسى يرجعلك فرعون,0,2021-03-21T12:07:17Z,p
269,عمر عبد العزيز,http://www.youtube.com/channel/UC-AiebUpZV9YXfOb-h0SXLQ,تفو اعلام الصرف الصحي لا تجعلو من مراحض عمومية مشاهر,0,2021-03-20T23:22:58Z,p
270,Nabil Bekkar,http://www.youtube.com/channel/UCH-PegiPUEH6PR4hW-M6J9g,شعب حلاب تعاطفوا مع خامجة تصويرك يبقاو ويتفرجوهم بناتك وهما يحكموا عليك,0,2021-03-20T20:49:53Z,p
271,Mamar Becetti,http://www.youtube.com/channel/UCxbgpURad7JWdlQ7uYrIuQw,بنت فاميليا متقولش هذا لكلام حتى مع روحا تحشم مي انت خامجة تاع صح متسوي ولو شح واش صرالك تسبي الناس اللي وقفت معك خسرا عليك بنت فاميليا والله متسب متقول كلام كيما هكذا,0,2021-03-20T01:49:56Z,p
272,Kaderos Kderos,http://www.youtube.com/channel/UCDIACHFim5I2TzepmOP4Svw,فايحة ياو باينا,0,2021-03-20T01:49:40Z,p
273,Nouh Bounegab,http://www.youtube.com/channel/UC2KWwwUQpM4SPZYdK73_kbA,اللي اكثر منهاك راهم يقولو ماشي صوتها سبحان الله الرخيس يقعد طول عمرو رخيس,1,2021-03-21T18:21:44Z,p
274,Abdel Nasser Hamache,http://www.youtube.com/channel/UCXMHPzxD4rk4Xb9TaVHzTHQ,انتي عريانة شفناك عريانة وبان عيبك حتى بناتك كي يكبروا نورولهم الفيديو على كل حال ستبقاي في التاريخ الاسود,0,2021-03-19T21:11:10Z,p
275,Tayebi Tayeb,http://www.youtube.com/channel/UCoKHFH_R7oXUaVQZl9sBrdQ,بيانو خامجة,0,2021-03-19T21:03:35Z,p
276,Assma Assma,http://www.youtube.com/channel/UCJ706dpypkiSuka0H6gQQ8A,خامجة ماتسواش,0,2021-03-19T18:51:04Z,p
277,Farah Khan,http://www.youtube.com/channel/UC4d2swpRD-XWV_ybJL8HP8Q,وحدة تافهة انا ملول عرفتها فاسقة تفو خراية سلكنا من نعناع خرجت بشرى الخرشف هذي,0,2021-03-19T15:45:15Z,p
278,Édition spéciale,http://www.youtube.com/channel/UCnx-ZEUDpAlmtFBO1sqX_ug,صوتك 1 خامجة ازدي تقولي فيها يديوك,0,2021-03-19T14:17:19Z,p
279,عبدالرحمن محمد,http://www.youtube.com/channel/UC0F4xulmg6glVrTc2IWb1Rw,الله اذلك اذا انت فنانة يافيحة لا اخلاق لا تربية ديرو لحرام امبعد تولي تسبي مشي مربية وراكي تربي بناتك علي فسق,2,2021-03-19T13:05:51Z,p
280,Siham Karkour,http://www.youtube.com/channel/UCT7v5N2H6BNqSFvwA0ZnAgA,يا خامجة يا رخيسة ربي سنيا عليك ومزال تزيدي تشوفي لعجب بربي نشالله راكي تخلصي ومزال تخلصي حياتك كامل حرام فلحرام حسبي الله ونعم الوكيل فيكم يا خربات لبيوت,0,2021-03-19T12:35:23Z,p
281,Johannä Amelcrew,http://www.youtube.com/channel/UC9h2WW3ehulpvIhotn55b9A,انا من الاول موقفتش معاك زيد دوكا محيتك من الوجود لي ضامنو معاك يستاهلو بسك تلقاها ولا تلقاه جارو مضامنش معاه شاف فيديوك عريانة تبوشي في راجلك ضامنو معاك وقالو راجلها هل الاسلام قالنا كي تزوج مرتك دير معاها فيديو ياك هذا كل تشبه بنصارى قصف من قبايلة حرة ميش منافقة نعرف دين نتاعنا مليح الحمد لله منضامنش معاها يالوكان ياكلها تراب بسك يعجبكم فلسطيني سوري زوالي مترفدوهش حاشا بنات فاميليا,1,2021-03-19T11:25:48Z,p
282,Belhoucin Malik,http://www.youtube.com/channel/UCfTfvhDIZ-nL7ju6ht1h3fQ,هذا ليس بالشيي الغريب هذو الفنانين يديرو كلش اصلا الميدان تاعهم خامج تاع فجور وفسق واش راكم حاسبينهم,61,2021-03-19T08:04:37Z,p
283,Moufida bm,http://www.youtube.com/channel/UCrKsYoVu9r6at3yBg8V0J2Q,لي في داركم خو وين يماك ختك,0,2021-03-20T17:36:30Z,p
284,Merwane Redwane,http://www.youtube.com/channel/UC-Q3SJzZLTmGwGhA-q-2GhQ,كوف روحك تطيح بهاذ الكلام البذيء والله عيب خامجة اكيد,2,2021-03-19T11:02:15Z,p
285,Amir Castio,http://www.youtube.com/channel/UCNqCj2GJ_gsCAunGBhVgUEg,خامجة الله من الاول لما شفت الراجل يبوسها كرهتها,34,2021-03-19T01:58:28Z,p
286,Mustapha Bakhti,http://www.youtube.com/channel/UCEf6pzT2Ts15zMs8SIAirnA,للي يبوس لا خامج درك,2,2021-03-19T14:13:09Z,p
287,mélina mimi,http://www.youtube.com/channel/UCTCPshOGWQ8s8In3voCKTkQ,زهرة اللوتس صوتها باين ولافاصون دو باغلي ديالها مافهمتش علاه دافعو عليها خامجة تقعد خامجة حبيتو ترجعوها داعية بسيف,0,2021-03-31T21:09:00Z,p
288,Souha Gasmi,http://www.youtube.com/channel/UCsbzc1Tw4fFbAfdlnzSjUkQ,فعلا ميليو كامل تع خماج العفيفة فيهم دايرة رجلها وهم لعندهم الزهر,0,2021-03-19T12:45:50Z,p
289,Titouha Santacruz,http://www.youtube.com/channel/UCTVR1Qu8jyGBYKKY4GecdlA,لي دور في ليزاباختومو طلابة واصوافي وقفلة طايحة تحسبها دورو وباغية دير الباز في حياتها بدراهم الحرام بشرى ختي كنا حاسبينك حسبة سعا نتيا غي عصبة زيرو نيل,17,2021-03-18T23:58:04Z,p
290,Khaled kismoune,http://www.youtube.com/channel/UChzqWC7PaeAuUhR-iqxFW_Q,تحيا بومدين تحيا الجيش الوطني الجزاىري تبون نحن لا نركع الا لله انتم تسبو في الجنرالات العسكر بومدين ديما مهدرناش انا مع الشروق حريه التعبير وعلاه مهدرتوش مع اسبانيه السويد كي قالو الهالك السادس مخنت نقش يرقد على كرشو,0,2021-02-17T03:05:39Z,p
291,achour slimi,http://www.youtube.com/channel/UC5ZOsWvzC1AIR3HQ04X1k5A,النت شكام لاتمثل الجزاير,0,2021-02-17T15:51:50Z,p
292,Jad ADAM,http://www.youtube.com/channel/UCV8ClxJDd7za-I9cVT7Ooyg,بلع فمك اتكلم على الاعلام تاعكم,1,2021-02-15T15:51:44Z,p
293,mohamed zgaoula,http://www.youtube.com/channel/UCC0n4Apxl8f4B2zEYLTAGxw,لماذا لا تتكلم عن هولندا واسبانيا واخيرا الصهاينة لما عرو عورة المليك ولا واحد منكم تكلم شفت الا الجزاير الشروق قنات شريف لكل الجزايريين حب من حب وكره من كره,0,2021-02-14T23:37:27Z,p
294,Zehor Belghaouar,http://www.youtube.com/channel/UCpbAiRkLPzQ4tH-J9Vga_sA,شكون عطاك الحق تسب قناتنا وتقول قناه العار متوما قنواتكم قنوات العار والنفاق والشقاق شكون لبدا بلاستهزاء نتوما حصه العشابي هداك عور العينين المتصهين نتوما بديتوها وحنا ردينا السن بالسن والعين بالعين والبادي اضلم امالي يا المراككه الخونه هذا ردنا اما الرد الجاي يكون بتدخل العسكري والسلح والذبح بيكم بليهود لجبتوهم ضدنا باش يحموكم با خبثاء مكانش خاوه خاوه ماتستاهلوهاش اعداء الجوار ملي ستقلينا ونتوما تكيدون المكايد الان مكايدكم طيح علي رسانكم صهاينه ماتحشموش تفو,0,2021-02-14T22:13:08Z,p
295,Dounia Firelight,http://www.youtube.com/channel/UCvMEjIjWkxpxnhdstQezY_g,ملك نقش 106,0,2021-02-14T17:06:06Z,p
296,mok dad,http://www.youtube.com/channel/UCFXAaNn869oomh2dXbeY8yQ,لهجة جزايريين فور على لهجتكم لي تحشم,2,2021-02-14T12:38:41Z,p
297,sab by,http://www.youtube.com/channel/UCRIdoWK9K34yUuxV_j-ljVA,الماليك 106,1,2021-03-11T05:53:18Z,p
298,BraveheartDZ,http://www.youtube.com/channel/UCZ0jcwgmu0QZNiFGNWug8Iw,مسرحية تقمص الجنسيات والتعليق قديمة بزاف يا المراكشي هذه هي التي يمكن ان تعتبر فعلا اساءة ازعف يا المراكشي من قناة هولندية وهذي من قنناة اسبانية الشعب المسكين لي كان ومزال راقد هوو شعبك الشعب الذي اوهموه بان الملوك السلاطين موسسة ابدية ومقدسة لازمة للمغرب الاقصى الله العظيم مهما بلغ سوء النظام عندنا فهو لا يقارن مع نظام المخزن الصهيوني المجرم المستبد العميل يجب ان تفهم ان المشكل هو ان العايلة والملك الذي يحكمك مستشاره من قوم المغضوب عليهم هو اندري ازولاي سعار امثالك من العياشة العبيد حنا سيدنا لملك عطانا كل خيرات ومناش جيعانين نسلكو شوماج وشابعين فورماج سيدنا لمالك الله يزيد في عمرو وينقص من عمرنا ربي يحفضهونا مادنا لكسيجين باطل يريبولنا ديارنا ولكن عاش الملك هذه اقوال العياشة الرعب والخوف من المسمى ملك ومخزنه الصهيوني جعلكم لا تخرجون ولو في مسيرة صغيرة او وقفة تنديدا بالتطبيع القديم الجديد الشنيع لكنكم كتم قد خرجتم سابقا في مسيرة صغيرة تنديدا بتطبيع الامارات وبن زايد ومظاهرات اخرى سابقا تظامنا مع القضية الفلسطينية اين انتم الان وهذا ما يوكد ان هناك رعب حقيقي لانكم تعلمون مصيراي احد ان انتقد ملكه ومحزنه مباشرة ولو بتعليق الى جانب ان هناك نوع من القدسية للحكم الملكي الصهيوني ولتلك العايلة المجرمة التي تتوارث الارض وكان هناك وحي من السماء اعطى الشرعية المقدسة الابدية لتلك العايلة لتحكم وتملك تلك الارض ونسبوا هذا الملك الصهيوني للنبي ص زورا وكذبا وبهتانا وضحكا على الذقون هذا ما لن يتغير فيكم الا يوم تتحرر العقول هذا تماما ما يوسف له ارض اصبحت ملكا لعايلة تحكم وتملك واصبحت عقارا يمتلكه ملك ومخزن متصهين يفعل مايشاء ويهدي الاراضي للملوك والامراء في ظروف اقل ما يقال عنها انها تثير الشقفة عايلة مجرمة عميلة ترى في البطش والدموية والتكبر والتعالي وارهاب الناس الطريق الامثل لتحقيق ماربها للبقاء على كرسي العرش مع قدسية كاذبة ساقطة مايسمى امير المومنين زورا وبهتانا وكذبا وضحكا على الذقون يمثل انموذجا لسلوك وطريقة استعباد الناس وقمعهم وظن انه الرب الذى يحكم البلاد وكل شىء بامره فهو الذى يرزق الناس ويمنع عنهم الرزق وليومنا الناس هذا يحكمك العلويين بخرافة هولاء الخونة الذين جلبوا الحماية وسمحوا في الاراضي وتواطيوا من اجل بقايهم على كرسي العرش ولو تطلب منهم ذلك وديان من دماء الشعب المغلوب على امره فلماذا لا نجد تعليقا واحدا او فيديوا يوجه الكلام للصهيوني السادس ويدعوا هذا المخزن الصهيوني وهذا الملك لان يكون مثل عمر علي غيرهم من الحكام مادامتم انتم ترون فيه سليل الدم النبوي والذليل الجبان يقول لما لا فهذا سيدنا وهو ملك المروك ملك الشعب ملك كل شي كل المكاتب تحت لوايه المكتب الشريف للفوسفاط اكبر ثروة للملك ومنظمة اونا واتصالات المروك والمحيط الاطلسي الشمال المروكي حتى الرياضة فهي له عند سماعك للجامعة الملكية جميع الرياضات يمتلكها حتى الشعب فهو ملكه كل شي نتاعو الارض السما البحر البر الشعب الحشرات الحيوانات القرود كل شي يعطي الاراضي للملوك والامراء الخليجيين والاجانب وغيرهم وكان المغرب الاقصى عقار تتوارثه عايلته التي حكمت وتحكم بالخرافات وكان الارض ملك ابيه طبعا تعلمون لماذا يهدي ماليس له لملك اسبانيا مثلا فتبادل الاراضي بين اسبانيا والمخزن الصهيوني ليس بالجديد وكمثال على ذلك مدريد منحت ادارة الصحراء الغربية للمخزن والمملكة العلوية منحت سبتة ومليلية لاسبانيا مقابل ذلك لكن بشروط مدريدية صارمة منها حصة اقتصادية لاسبانيا من مداخيل خيرات الصحراء الغربية الباطنية والبحرية التي يذرها المخزن في عمليات النهب التي يقوم بها بحماية من باريس التي هي الاخرى لديها حصة الاسد من خيرات الصحراء الغربية وحتى من خيرات المغرب الاقصى ومن بينها اراضي شاسعة وقصور وضيعات وغيرها يملكها فرنسيون ملكية تامة كما يملك العلويين البلاد ملكية وراثية تامة لذا فان الذي حصل بين محمد السادس ووالد فيليبي السادس موجود في الشمال للقرن السادس بعتم شرفكم بتغريدة تويتر عمرها اربعون يوما على الاكثر اما التطبيع القديم الجديد فهو وصمة العار التي ستبقى في جبين امثالك الى الابد وليست هي من ستحل مشاكلكم كل ما يدرس لكم تخربيق كما تقولون في بلادكم رغم كل هذا مازلتم تتحدثون بلا استحياء فقولوا كلمة الحق في هذا الملك المجرم العميل نريد ان نرى ففقط تعليق واحد لا توافقون فيه الملك اصمتوا فلا نامت اعين الجبناء فلكل نهاية بداية ولكل نييجة سبب والباطل لا يمكن ان يستمر مهما طال عمره,0,2021-02-14T13:08:36Z,p
299,El Magnifico,http://www.youtube.com/channel/UCoEdEPtAiWJNO_QbuG1A4cg,هل تعلم ان للجاء_زاير سيدا واحدا ان الجاء_زايريين لا يقبلون الايدي نعم للجاء_زاير سيدا واحدا هو الفرنسي نياك الملايين من الحشرات الطيزايرية ناهب الغاز البترول حامي عسكر الحركة ابو كروسة زيزو الابله لعشرين سنة المختفي كذبون نعم ان الجاء_زايريين لا يبوسون الايدي حاشا انهم يبوسون زب قلاوي ربهم الاههم مالكهم لوبغيزيدون مانويل ماكرون حفيد لي كولون اللي ناكو اجدادهم الالجشيان بالملايين يتسولون فيزا من زبه يجيبو امهاتهم تعانق تبوس ماكرون زبو قايم فوق بلادهم اخواتاتهم زوجاتهم يزغرتو يرحبو يضحكو للفرنسي النياك سليل الفحولا يتمناو يضرب ليهوم الترمة لانو مبقاو رجال الجاء_زاير ينيكو كيف الرجال كلشي عطاي انوش نقش قحاب انهم يبوسون زب قلاوي ربهم الاههم مالكهم لوبغيزيدون فرانسوا هولاند المسمى مستقبل الجاء_زاير فيتير دو لالجيري حفيد نياكين اباء اجداد لقطاء قحبات جاء زاير يقدمو لو بناتهم يغنو لو بونجوغ موسيو لوبغيزيدون يختار منهن لزبو اللي يتشهى امام النقش الاول بوتف زيزو منكوح وجدة اللي يضحك يحلب الطفلات للزب الفرنسي ويمد لو مفتاح الجاء_زاير يدخل يحوي وين يحب شكون يحب,1,2021-02-13T18:35:34Z,p
300,foudil raeouf,http://www.youtube.com/channel/UCgU0ge_djkXnOhfmUwHc6QA,شكامة احكي باسمك,0,2021-02-16T18:13:22Z,p
301,Miloudi Barjane,http://www.youtube.com/channel/UCDLGDJMAvjBKNmmNPuSwlJg,السلام عليكم الشعب المغربي والجزايري اخوة مهما فعلوا والقط الى ماصلش الى اللحم يقول لك خانز ونطلب من هولاء التعساء النزال في حلبة على الحدود ونطلب من القنوات العالمية ان تنقل هدا النزال اديني ولانديك والسلام وخير الكلام مافل ودل,0,2021-02-13T17:41:23Z,p
302,foudil raeouf,http://www.youtube.com/channel/UCgU0ge_djkXnOhfmUwHc6QA,شكام,0,2021-02-16T17:49:41Z,p
303,Amine Amar,http://www.youtube.com/channel/UClqBn63z5d5OLHu0-s1FDUA,الصراحة مكانش جزايري راضي واش دارت قناة الزبل هذه رغم العداوة اللي بيننا وبين المغرب لكن هذا شي عار وراح يتحاسبوا رغم يقلك حرية التعبير جزايري ما يرضى بهذه الافعال المشينة,0,2021-02-13T17:11:09Z,p
304,زين الدين زين الدين,http://www.youtube.com/channel/UCOfFCfPZUgG0pScdSos-Q0g,حلوف اسم رمضان طحان يجري للتطبيع بسايرة,0,2021-04-09T22:43:01Z,p
305,Adam boye,http://www.youtube.com/channel/UC-LZwIM_fo9ZL7_gL3lCE7A,تفو عليهم وجوه الشر,0,2021-03-28T13:04:18Z,p
306,Hala Douda,http://www.youtube.com/channel/UCnLYIcdFWuX19-IUNC8qQTw,انا مفهمتش احنا الزيت باش ناكلو مفقود والسبيطارات مفيهمش ادنى الشروط الظروف المعيشة مرنكة اعلينا قريب الشحم نشتاقوه وهذو باش راح يخلصوهم,0,2021-03-13T01:16:35Z,p
307,Nadia Mokrani,http://www.youtube.com/channel/UC-BMqIyySh_qRx7pi8v-JYg,اناشيد الرييس الجمهورية عبد المجيد تبون ان لا يسمح بهذه المهزلة ان ياتون حثالة من الفنانين الذين سبوا شتموا الشهداء الجزايرين لا نريد ان يدنس التراب الجزايري مثل هولايي الحثالة الاولى الاموال التي تحدر في المهرجانات تصرف في انعاش الاقتصاد الوطني بناء المستشفيات المصانع للتقليل البطالة السكن الاجتماعي الى اخره اطلب سيدي الرييس تبون ان تعزل تلك العزة الثقافة الوقحة من منصبيها لانها تعمل ضد مصلحة العامة تستفز الشعب الجزايري,0,2021-03-10T14:43:29Z,p
308,zit. Faouzi,http://www.youtube.com/channel/UCfDrZLIzJMIS1tiv95sHUvA,تفو عليهم لا لي دخول الى الجزاير على جميع من سب شتم شهداينا الابرار هادو سبو الاموات في دينينا الاسلام ولي ذلك لا يجوز لهم دخول الى ارض مطهره مثل الجزاير هادو ناس نجسة تفو,0,2021-03-08T00:59:50Z,p
309,Kouma Komi,http://www.youtube.com/channel/UCT4K-NxKZ1fSSItcLh1Exug,ياخي حالة ياخي ملقاو واش يجيبو جابو شطاحة العريانة ياخي خماج ياخي تمسخير هاذوك دراهم لرايحين تخسروهم على خماج كيما هاذو ديرو بيهم مشروع مستشفى ولا اي حاجة,0,2021-03-07T13:03:23Z,p
310,Meriem Menissa,http://www.youtube.com/channel/UCJqqTShx4a1zXH4RwlezpoQ,الجزاير فيها طبيعة خلابة اثار قديم من العهد الحجري الى العهد الروماني غيرهم من تاريخ موقع جغرافي بلا مزية حتى واحد واذا كانت السياحة من اجل الرذيلة بناقص,0,2021-03-07T12:21:23Z,p
311,Haouari Nasreddine,http://www.youtube.com/channel/UCLOgdf7D4LldmZjllDHuIUg,حاوزو وزيرة الثقافة خماج,0,2021-03-06T23:57:51Z,p
312,نعيمة داودي,http://www.youtube.com/channel/UC3h5CL1DHGWMG7kT2kIGt1A,شحال نكرهك يا هيفاء انتي افعي سامة,0,2021-03-05T23:04:17Z,p
313,Fatiha Cherifi,http://www.youtube.com/channel/UC7pzzUVrTIBpI5BhT_FDJQw,الا تعرفون ان بالضبط هولا الاثنين هم ماصونيين لا نريد هم في ارض الشهداء لا ننسى اقوالك ستايمك يا سيد رمضان يوجد حتى من سجلها الي يومنا هذا اما بالنسبة للهابفة انها لا تلرمنا اننا حتى لا نعرف اغنباتهاو الله العظيم سبيتونا على قبال كورة ما تسواش ليكن في معلوم مسووليتنا ان يتريثوا يفهموا شعبهم الا ستتحملون مسوولية استغفالكم لشعبكم التاريخ,0,2021-03-05T16:41:14Z,p
314,the hope of my life,http://www.youtube.com/channel/UCzbHYhnUxAxs0cFL2q5TDPg,باش يحلو المطارات لا كورونة باش يجيبو الخماج يديرو حفلات مكانش كورونة تفو الله يلعنكم,0,2021-03-05T13:03:30Z,p
315,Une DZ,http://www.youtube.com/channel/UCb0ypkEG06JxMFzEJkSwPcA,اذا دخل ارض الشهداء اي كلب من الكلاب الى سبونا اقسم بالله غير نقطع الباسبور الجنسية مارانيش دزيرية اللي عرضهم مستحيل يكون جزايري الجزايري عندو النيف كل شيء يمكن نسمحو الا دماء الشهداء,0,2021-03-05T08:56:20Z,p
316,Fifou Fifou,http://www.youtube.com/channel/UCGObG2RP-XxlIhj2Kb7YccQ,واش من فخر باه رايحين تعرضوهم لاهلا تربحكم ان شاء الله الي يسب الشهداء منستعرقوش بيهم نقطة الي السطر حثالة المجتمع,0,2021-03-04T07:23:54Z,p
317,Etty Ertt,http://www.youtube.com/channel/UCY9qyRLSXQ5pbWgQlF550Nw,نطالب بعزل وزيرة الثقافة الجزايرية لانهالاتمثل بلدالشهظاء كيف بها تستدعي مااهانوا الشهداء لتدنيس هذه الارض الطيبة لازم الجزايريين يديروا هاشتاج باه الرييس تبوع يعزل هذه الوزيرة في اقرب وقت لانها استعدت حثالة الفنايين الذين اهانوا شهداءنا,0,2021-03-03T19:05:09Z,p
318,Robi Mahdi,http://www.youtube.com/channel/UC6Qj8iDr09sQ4TgjRyww2vg,ارضنا طاهرة ومحترمة لا تستقبل حثالة هيفاء ورمضان الصهيوني نحن لا نتشرف بهما هذان السافلين سبو وشتمو الجزاير ولو ارادو ان يعتذرو لن نسامحهم فارضنا الطاهرة محرمة عليهما,0,2021-03-03T14:19:10Z,p
319,Islam Benz,http://www.youtube.com/channel/UCz_h2dsXyJbAKsinbS__wkQ,ليك قاع نودو مخصناش خماج,0,2021-03-01T23:46:00Z,p
320,RT᭄chakerTM,http://www.youtube.com/channel/UCbQGXyuI7chBCiACHzMUH3Q,مابغينا حتى كلب,0,2021-03-01T21:58:44Z,p
321,abderhman lalmi,http://www.youtube.com/channel/UC-FAnGyK1mEEE4LCzQTS2DA,النهار خامجة وتجيب اخبار الخماج,0,2021-03-01T18:51:54Z,p
322,Meriem Mimi,http://www.youtube.com/channel/UCgWlZSC5qQFEOojWTbsAjfA,ماعندهمش كرامه هادو الله يخزيهم رخاس يجيبو ناس سبونا تفو وجوه البخص رخسونا,0,2021-03-01T10:30:23Z,p
323,Larbi ABDOU,http://www.youtube.com/channel/UCgG4E2NQYKHHHrOoIwz_aMg,السياحة في الجزاير لا تحتاج الى حثالة البشر للترويج لها غير مرحب بهم حتى لو كانوا سواحا,0,2021-03-01T09:02:20Z,p
324,zit. Faouzi,http://www.youtube.com/channel/UCfDrZLIzJMIS1tiv95sHUvA,لا لي دخول جميع من سبنا سب شهداينا الله يرحمهم هاد الفساق المفسدين قليل تربيا تفو على جميع من سب شهداء الابرار يرحو يقودو هاد الفنانين الفجره,0,2021-03-01T04:04:59Z,p
325,combattent mma,http://www.youtube.com/channel/UCtfmlYJM6RmrrK81GHCRnlQ,الشعب الجزايري عنده نيف تع حديد مشي رخيس وديوت ونهضرو في وجه ولي ماعجبهش الحال يده فوق المعلم,0,2021-02-28T23:40:36Z,p
326,Assilالسلام عليكم Assil,http://www.youtube.com/channel/UCbGRC6NumWlXTc5WuSnscFw,هدي لازم عليها حراك كبير اين رييس من هده مهزلة وكاننا مزلنا في زمن عصابة لي يخسرو ملايير على حثالة بسم الفن,0,2021-02-28T21:56:36Z,p
327,Adjemi Chaouki,http://www.youtube.com/channel/UCiKF9GxnxEMIThDQ7MF0nFw,هيفاء سبت الشهداء والجزايريين والسلطة تعاود تعيطلها تفو عليكم سلطة الذل والرخس,0,2021-02-28T20:50:12Z,p
328,Saaad Bentoumi,http://www.youtube.com/channel/UCVAk3XSSyCc1pMfzeKP3RWw,محمد رمضان المروج للتطبيع وهيفاء المروجة للانحلال يزوران الجزاير ما هذا الهراء من طلب منهما ذلك هل وزارة الثقافة في وعيها حتى تقوم بهكذا مبادرة الجزاير كبقية الدول وبسبب جايحة كورونا تمر بوضع اقتصادي حساس مسوولونا يهدرون المال العام على التفاهات ما هذا حسبنا الله ونعم الوكيل في كل من يسيء لبلاد الشهداء,0,2021-02-28T17:26:15Z,p
329,mohamed omar,http://www.youtube.com/channel/UCmwyr4W9TMTfuHeVagSnn8Q,لا يشرفنا حظورهم حثالة المجتمع,0,2021-02-28T13:32:51Z,p
330,Houria Khiri,http://www.youtube.com/channel/UCbUi9WOOueunHkF9wheg2Ug,استضافت محمد رمضان الذي سب الجزاير فوق ذلك صديق اليهود الصهاينة فنان موسخ ما لازمش يحط رجليه فوق ارض المليون نصف شهيد الجزاير فلسطين خط احمر لهولاء الخونة,0,2021-02-28T06:57:33Z,p
331,abdelatif Kadri,http://www.youtube.com/channel/UCRbNpwZPDFsNC3CzDO4bUsQ,صبحان الله هذه العصابة لا تحشم عندنا فنانين عالاميين نطالب سيد الرييس تبون التدخل في هذه المهزلة,0,2021-02-27T17:52:55Z,p
332,Beautiful,http://www.youtube.com/channel/UCRtSg_M2etQf5dfJva79xZA,منحتاجوش خامجة الجي عندنا راهي عار عالفن اصلا معندها صوت ماوالو غير الاغراء والفسق ياربي ميدخلوش هاذ الارض الطاهرة علاه مييجيبوش الداعية يوسف ولا عمرو خالد اليينشرو الوعي ببن الناس ياتبون ربي يحفظك مدخلهمش لا يفسد الشباب يارب,1,2021-02-27T17:42:40Z,p
333,Wail Ola,http://www.youtube.com/channel/UCTsdw9WGFLJwrcOI4uEL-RQ,هكذا نصبح اضحوكة يا سي تبون البارح يسبوا فينا واليوم نعرضوهم قال مالك من استغضب ولم يغضب فهو حمار,0,2021-02-27T15:53:21Z,p
334,Nada Yacer,http://www.youtube.com/channel/UCcrczstfpnOfpXGbSEgrUOA,لا نريد حثالة الناس في بلادنا بلدنا طاهرة لا نريد تدنيسها بهولاء,0,2021-02-27T14:22:00Z,p
335,مول الخروبة,http://www.youtube.com/channel/UCA8W4MpHoJahW_tiPusT29g,هادوا خماج ماشي فنانين,0,2021-02-27T07:19:25Z,p
336,مصطفي بن خليغة,http://www.youtube.com/channel/UCmWot3Ezco1chAhc5MRVpfA,لا لهدر المال العام من اجل حثالة مصرية,0,2021-02-27T06:29:14Z,p
337,zinou zinou,http://www.youtube.com/channel/UCtA5QOQUL546kOVJXcEe0VQ,خصتا رمضان خصارا فيه اسمو رخيس,0,2021-02-26T23:05:36Z,p
338,MoHàmEéd,http://www.youtube.com/channel/UCQjQHv6_kVUgObf1uJ1jSAA,شعب يطلب ورايحين يجيبو الفنانين يعطوهم بالملاير تفو عليكم اه الشكامين تفو,0,2021-02-26T21:47:06Z,p
339,VIVA ALGERIA,http://www.youtube.com/channel/UCzxSZf07VBkE5ZCnNZuKWKA,لا هلي ولا سهلا بيهم هادو حبهم الاول هو المال لا الجزاءر كيف بالامس كانو يسبون وهاداك النيقرو عندما سالته راس الفتنة علي مبارة الجزاءر قال لها اين تقع هاده الجزاءر اليوم جاي يروج للفلوس حتي هادا لجيبهوم طحان ورخيس,0,2021-02-26T21:31:47Z,p
340,abdou gamer dz,http://www.youtube.com/channel/UCIwZIrhTiY8MIljYG1LinUw,الشعب سيد القرار لا نريد حثالة المجتمع في بلاد الشهداء,1,2021-02-26T18:54:37Z,p
341,ALGERIEN.GRAND Reda,http://www.youtube.com/channel/UCeylbPh8kaAo8tzRbBbJ36g,اللبنانيين يقولون ان هيفا عاهرة المصريين يقولون عن هذا الصعلوك مطبع متعحرف هما منبوذان في دولهم بغض النظر عن تهجمهم عن الجزاير الاموال الخيالية التي ندفع لهم المنظومه الصحية اولى بها كي لا يذهب تبون الى المانيا باش يداوي عن اي سياحه تتكلمون اذا الفنادق المطاعم في الجزاير المركبات السياحية لا تقارن حتى مع اقذر الدول بمبالغ خياليه لا خدمه لا نظافه,0,2021-02-26T18:48:36Z,p
342,Søleil Dor,http://www.youtube.com/channel/UC8NHbU1ko8Xv_zL7NGj_KHg,هاذو خماج ماشي فنانين,15,2021-02-26T18:02:18Z,p
343,جزائري و أفتخر,http://www.youtube.com/channel/UCUUtvB7BrYMcEpgrSHTo56w,تحيا الجزاير عسكرية مشي مدنية تحيا جيش بلادي الجيش الشعبي الوطني سليل جيش التحرير الوطني عشات فلسطين وعاصمتها القدس الشريف وعشات الصحراء الغربية المحتلة وعاصمتها العيون وشردومي والعياشة والعبيد المخزني الصهيوني يدو في زبي,2,2021-02-26T17:56:59Z,p
344,El hadj Salim,http://www.youtube.com/channel/UCpwPGY60JWl3dwcaBSpB9sQ,ايه احنا ماننساوش الكلب يقعد كلب هدرو فينا وفي شهداءنا,1,2021-03-19T19:28:46Z,p
345,houari blon sent germaint وهران,http://www.youtube.com/channel/UCeWXTrAcwgzsUqIfGBYyMaQ,نهار بدا الحراك تلاقيت واحد الشيخ قالي يابني الجزاير هذي رايحة تولي كي دبي قتلو ان شاء الله يالحاج ومشيت ايا واحد النهار زدت تلاقيتو في رمضان حتى قالي رمضان تاع سنا بلا دلابية صامط المهم ثم روماركيت بلي ينطقها د وفهمت كلش ربي يستر خلاص,0,2021-02-26T17:55:31Z,p
346,بخدة رحال,http://www.youtube.com/channel/UC8sVaETGpkFNHbav-Z38kHQ,شكون هادو خامجة وخامج خنز ما يخرواش هادو مافيهمش الريحة واش ناصرين الدين هادو ضامنين الجنة رسل هادو وحد الغلة راها في ڨلبي على هادو ولي مثالهم يعلم بيها ربي اه لو كان جات القتيلة حلال اه,0,2021-03-22T19:55:55Z,p
347,Nas Ro DZ,http://www.youtube.com/channel/UCU7QzLex9dNDsyYTsY-0G_A,اقسم بالله العظيم لو دخلو هدو حثالة الى بلادنا نحرقو الاخظر ويابس,4,2021-03-19T16:27:02Z,p
348,Nadjet Boutaleb,http://www.youtube.com/channel/UCqRu7eSSAKbVdCkh8ZJAO1Q,خامجة انتاع دعارة وماسونيةواش دخلهوم لبلادنا,2,2021-03-16T22:20:41Z,p
349,ثعلب الصحراء,http://www.youtube.com/channel/UCBRWs7G3xUuBHOo5ksAwaRg,اي فنانة اي فنان بالامس القريب فناني اسراييل هيفاء بغل المصري يلطخون سمعة الشهداء الجزاير ام الشهداء لا نحتاج الوسخ,0,2021-03-11T03:18:01Z,p
350,Mino Mimi,http://www.youtube.com/channel/UCNejAS2i8ZG6STKJRpnORGA,اسمط فيلم بشوفو سامط رهج يعطيكم البخس,1,2021-03-10T04:06:58Z,p
351,Lili Lili,http://www.youtube.com/channel/UC_mcXOkf7ot-GsoIbrNQD5A,ممثل منحرف ليس محترف,2,2021-03-06T14:58:48Z,p
352,Kabyle Bejaia,http://www.youtube.com/channel/UCCZFFERYN5940pGuG6ejE6g,الجزاير خرا ماشي عربية امازيغية تحب ولا تكره,0,2021-03-11T18:24:12Z,p
353,mouza Ke,http://www.youtube.com/channel/UCKFh3RKW78Q1xAaCQRPdewg,عفن خماج لا يمد لاي صلة بدينا ولا باخلاقنا الله لا تربحكم,1,2021-02-06T23:54:02Z,p
354,aigle noir Dz,http://www.youtube.com/channel/UCFFKl7DiEaWWESScJp0Xn7g,شوف حبيبي كاين واحد المثل للرييس الهندي السابق غاندي يقول فيه انا اسمح للرياح ان تدخل من نوافذ بيتي ولكن لا اسمح لها ابدا ان تقتلعني من جذوري نعم الحرية مليحة الحب مليح والعشق مليح وموجود من قديم الزمان ولكن للاسف بعدت بزاف بزاف على العادات والتقاليد انتاعنا صحيح احتا شباب ونطمحو ونعترف ان العراقيل موجودة عندنا صحابات ونسلمو عليهم الخ ولكن تبقى كلمة لا اله الا الله محمد رسول الله منقوشة من الداخل خسارة كبيرة الخام موجود ممثلات شابات زين جزاءري خالص ممثلين شباب مصغر حطة حاول تتعاون مع تاس في كتابة السناريو وحاول الابتعاد عن المشاهد المخلة بالحياء ميستر بين مايهدرش وماشي شباب والعالم كامل يحبو مكانش اللي مايغلطش يصح ليس لهذا الحد,10,2020-10-23T10:53:27Z,p
